weight,to,from
2.0,,선풍기
2.0,,김병완
2.0,,여정
1.0,,포스코플랜텍
1.0,,세종대왕
1.0,,유기성
7.0,오아시스,성공
7.0,오아시스,성장
7.0,오아시스,런칭
7.0,쓱닷컴,성공
7.0,쓱닷컴,성장
7.0,쓱닷컴,런칭
7.0,쿠팡,성공
7.0,쿠팡,성장
7.0,쿠팡,런칭
7.0,브랜드분석,성공
7.0,브랜드분석,성장
7.0,브랜드분석,런칭
7.0,새벽배송,성공
7.0,새벽배송,성장
7.0,새벽배송,런칭
7.0,기업IPO,성공
7.0,기업IPO,성장
7.0,기업IPO,런칭
4.0,광고,동영상
4.0,광고,시청자
4.0,광고,궁금증
4.0,BEAUTYKURLY,동영상
4.0,BEAUTYKURLY,시청자
4.0,BEAUTYKURLY,궁금증
4.0,KURLY,동영상
4.0,KURLY,시청자
4.0,KURLY,궁금증
4.0,알에스아이,동영상
4.0,알에스아이,시청자
4.0,알에스아이,궁금증
4.0,광고제작사,동영상
4.0,광고제작사,시청자
4.0,광고제작사,궁금증
4.0,광고촬영,동영상
4.0,광고촬영,시청자
4.0,광고촬영,궁금증
4.0,브랜드광고,동영상
4.0,브랜드광고,시청자
4.0,브랜드광고,궁금증
4.0,캠페인영상,동영상
4.0,캠페인영상,시청자
4.0,캠페인영상,궁금증
4.0,예술광고,동영상
4.0,예술광고,시청자
4.0,예술광고,궁금증
4.0,BLACKPINK,동영상
4.0,BLACKPINK,시청자
4.0,BLACKPINK,궁금증
4.0,브랜드촬영,동영상
4.0,브랜드촬영,시청자
4.0,브랜드촬영,궁금증
4.0,스토리광고,동영상
4.0,스토리광고,시청자
4.0,스토리광고,궁금증
4.0,광고제작,동영상
4.0,광고제작,시청자
4.0,광고제작,궁금증
4.0,뷰티광고,동영상
4.0,뷰티광고,시청자
4.0,뷰티광고,궁금증
4.0,바이럴영상,동영상
4.0,바이럴영상,시청자
4.0,바이럴영상,궁금증
4.0,바이럴영상제작,동영상
4.0,바이럴영상제작,시청자
4.0,바이럴영상제작,궁금증
4.0,바이럴영상광고,동영상
4.0,바이럴영상광고,시청자
4.0,바이럴영상광고,궁금증
4.0,영상제작,동영상
4.0,영상제작,시청자
4.0,영상제작,궁금증
4.0,바이럴홍보영상,동영상
4.0,바이럴홍보영상,시청자
4.0,바이럴홍보영상,궁금증
4.0,바이럴광고영상,동영상
4.0,바이럴광고영상,시청자
4.0,바이럴광고영상,궁금증
4.0,바이럴광고제작,동영상
4.0,바이럴광고제작,시청자
4.0,바이럴광고제작,궁금증
4.0,제니,동영상
4.0,제니,시청자
4.0,제니,궁금증
4.0,블랙핑크,동영상
4.0,블랙핑크,시청자
4.0,블랙핑크,궁금증
4.0,바이럴동영상,동영상
4.0,바이럴동영상,시청자
4.0,바이럴동영상,궁금증
4.0,유튜브광고,동영상
4.0,유튜브광고,시청자
4.0,유튜브광고,궁금증
4.0,유튜브광고제작,동영상
4.0,유튜브광고제작,시청자
4.0,유튜브광고제작,궁금증
4.0,콘텐츠제작,동영상
4.0,콘텐츠제작,시청자
4.0,콘텐츠제작,궁금증
4.0,광고분석,동영상
4.0,광고분석,시청자
4.0,광고분석,궁금증
13.0,꼬달리,걱정
13.0,꼬달리,선택
13.0,꼬달리,신경
13.0,Caudalie,걱정
13.0,Caudalie,선택
13.0,Caudalie,신경
13.0,비노퍼펙트,걱정
13.0,비노퍼펙트,선택
13.0,비노퍼펙트,신경
13.0,아이크림,걱정
13.0,아이크림,선택
13.0,아이크림,신경
13.0,다크서클개선,걱정
13.0,다크서클개선,선택
13.0,다크서클개선,신경
13.0,브라이트닝,걱정
13.0,브라이트닝,선택
13.0,브라이트닝,신경
13.0,화이트닝,걱정
13.0,화이트닝,선택
13.0,화이트닝,신경
13.0,기능성화장품,걱정
13.0,기능성화장품,선택
13.0,기능성화장품,신경
13.0,클린뷰티,걱정
13.0,클린뷰티,선택
13.0,클린뷰티,신경
13.0,100프로재활용패키지,걱정
13.0,100프로재활용패키지,선택
13.0,100프로재활용패키지,신경
12.0,새벽배송,성공
12.0,새벽배송,정책
12.0,새벽배송,상황
12.0,샛별배송,성공
12.0,샛별배송,정책
12.0,샛별배송,상황
12.0,당일배송,성공
12.0,당일배송,정책
12.0,당일배송,상황
12.0,푸드마켓,성공
12.0,푸드마켓,정책
12.0,푸드마켓,상황
12.0,밀키트,성공
12.0,밀키트,정책
12.0,밀키트,상황
12.0,쿠팡,성공
12.0,쿠팡,정책
12.0,쿠팡,상황
12.0,샛별정원,성공
12.0,샛별정원,정책
12.0,샛별정원,상황
12.0,샛별숲,성공
12.0,샛별숲,정책
12.0,샛별숲,상황
219.0,야명조,성장
219.0,야명조,충청
219.0,야명조,여성
219.0,서이추,성장
219.0,서이추,충청
219.0,서이추,여성
219.0,온라인,성장
219.0,온라인,충청
219.0,온라인,여성
219.0,온라인쇼핑몰,성장
219.0,온라인쇼핑몰,충청
219.0,온라인쇼핑몰,여성
219.0,샛별배송,성장
219.0,샛별배송,충청
219.0,샛별배송,여성
219.0,1인가구,성장
219.0,1인가구,충청
219.0,1인가구,여성
219.0,모닝딜리버리,성장
219.0,모닝딜리버리,충청
219.0,모닝딜리버리,여성
219.0,올리브영,성장
219.0,올리브영,충청
219.0,올리브영,여성
219.0,다이소,성장
219.0,다이소,충청
219.0,다이소,여성
219.0,탑티어,성장
219.0,탑티어,충청
219.0,탑티어,여성
219.0,틈새시장,성장
219.0,틈새시장,충청
219.0,틈새시장,여성
219.0,오퍼레이션,성장
219.0,오퍼레이션,충청
219.0,오퍼레이션,여성
219.0,Operation,성장
219.0,Operation,충청
219.0,Operation,여성
4.0,데일리,생각
4.0,데일리,명시
4.0,데일리,미니어처
4.0,데일리,생각
4.0,데일리,명시
4.0,데일리,미니어처
4.0,백수생활,생각
4.0,백수생활,명시
4.0,백수생활,미니어처
4.0,오늘하루,생각
4.0,오늘하루,명시
4.0,오늘하루,미니어처
4.0,오늘의소비,생각
4.0,오늘의소비,명시
4.0,오늘의소비,미니어처
4.0,코스노리,생각
4.0,코스노리,명시
4.0,코스노리,미니어처
4.0,속눈썹영양제,생각
4.0,속눈썹영양제,명시
4.0,속눈썹영양제,미니어처
4.0,클린잇제로,생각
4.0,클린잇제로,명시
4.0,클린잇제로,미니어처
4.0,바닐라코,생각
4.0,바닐라코,명시
4.0,바닐라코,미니어처
4.0,여행,생각
4.0,여행,명시
4.0,여행,미니어처
4.0,더툴랩,생각
4.0,더툴랩,명시
4.0,더툴랩,미니어처
4.0,브러시클렌징티슈,생각
4.0,브러시클렌징티슈,명시
4.0,브러시클렌징티슈,미니어처
292.0,헬뷰,diet
292.0,헬뷰,kcal
292.0,헬뷰,완벽
292.0,다이어트플레이팅,diet
292.0,다이어트플레이팅,kcal
292.0,다이어트플레이팅,완벽
292.0,헬뷰,diet
292.0,헬뷰,kcal
292.0,헬뷰,완벽
292.0,헬스앤뷰티,diet
292.0,헬스앤뷰티,kcal
292.0,헬스앤뷰티,완벽
292.0,닭가슴살탕수육,diet
292.0,닭가슴살탕수육,kcal
292.0,닭가슴살탕수육,완벽
292.0,다이어트탕수육,diet
292.0,다이어트탕수육,kcal
292.0,다이어트탕수육,완벽
292.0,겉바속쫀탕수닭,diet
292.0,겉바속쫀탕수닭,kcal
292.0,겉바속쫀탕수닭,완벽
292.0,헬스앤뷰티탕수닭,diet
292.0,헬스앤뷰티탕수닭,kcal
292.0,헬스앤뷰티탕수닭,완벽
292.0,탕수닭,diet
292.0,탕수닭,kcal
292.0,탕수닭,완벽
292.0,다이어트플레이팅,diet
292.0,다이어트플레이팅,kcal
292.0,다이어트플레이팅,완벽
292.0,다이어트짜장면,diet
292.0,다이어트짜장면,kcal
292.0,다이어트짜장면,완벽
292.0,더핏누들사천짜장,diet
292.0,더핏누들사천짜장,kcal
292.0,더핏누들사천짜장,완벽
292.0,더핏누들,diet
292.0,더핏누들,kcal
292.0,더핏누들,완벽
292.0,식단관리,diet
292.0,식단관리,kcal
292.0,식단관리,완벽
292.0,id_thsdbswl97,diet
292.0,id_thsdbswl97,kcal
292.0,id_thsdbswl97,완벽
32.0,커머스관련,충성
32.0,커머스관련,성장
32.0,커머스관련,쇼핑몰
32.0,무신사,충성
32.0,무신사,성장
32.0,무신사,쇼핑몰
32.0,W컨셉,충성
32.0,W컨셉,성장
32.0,W컨셉,쇼핑몰
32.0,에이블리,충성
32.0,에이블리,성장
32.0,에이블리,쇼핑몰
32.0,에스아이빌리지,충성
32.0,에스아이빌리지,성장
32.0,에스아이빌리지,쇼핑몰
2.0,산타마리아노벨라,결정
2.0,산타마리아노벨라,건성
2.0,산타마리아노벨라,완전
2.0,산타마리아노벨라수분크림,결정
2.0,산타마리아노벨라수분크림,건성
2.0,산타마리아노벨라수분크림,완전
2.0,산타마리아노벨라장미수크림,결정
2.0,산타마리아노벨라장미수크림,건성
2.0,산타마리아노벨라장미수크림,완전
6.0,2023년6월,선착순
6.0,2023년6월,명시
6.0,2023년6월,캐시
6.0,삼성카드,선착순
6.0,삼성카드,명시
6.0,삼성카드,캐시
6.0,간편결제,선착순
6.0,간편결제,명시
6.0,간편결제,캐시
6.0,이벤트,선착순
6.0,이벤트,명시
6.0,이벤트,캐시
6.0,할인,선착순
6.0,할인,명시
6.0,할인,캐시
6.0,혜택,선착순
6.0,혜택,명시
6.0,혜택,캐시
6.0,네이버페이,선착순
6.0,네이버페이,명시
6.0,네이버페이,캐시
6.0,카카오페이,선착순
6.0,카카오페이,명시
6.0,카카오페이,캐시
6.0,스마일페이,선착순
6.0,스마일페이,명시
6.0,스마일페이,캐시
6.0,삼성페이,선착순
6.0,삼성페이,명시
6.0,삼성페이,캐시
6.0,삼성앱카드,선착순
6.0,삼성앱카드,명시
6.0,삼성앱카드,캐시
6.0,지마켓,선착순
6.0,지마켓,명시
6.0,지마켓,캐시
6.0,옥션,선착순
6.0,옥션,명시
6.0,옥션,캐시
6.0,크림,선착순
6.0,크림,명시
6.0,크림,캐시
6.0,KREAM,선착순
6.0,KREAM,명시
6.0,KREAM,캐시
6.0,솔드아웃,선착순
6.0,솔드아웃,명시
6.0,솔드아웃,캐시
6.0,야놀자,선착순
6.0,야놀자,명시
6.0,야놀자,캐시
6.0,전자랜드,선착순
6.0,전자랜드,명시
6.0,전자랜드,캐시
6.0,뉴발란스,선착순
6.0,뉴발란스,명시
6.0,뉴발란스,캐시
6.0,더바디샵,선착순
6.0,더바디샵,명시
6.0,더바디샵,캐시
6.0,요기요,선착순
6.0,요기요,명시
6.0,요기요,캐시
6.0,VISA카드,선착순
6.0,VISA카드,명시
6.0,VISA카드,캐시
6.0,MASTER카드,선착순
6.0,MASTER카드,명시
6.0,MASTER카드,캐시
1.0,,뷰티용픔
1.0,,영업
1.0,,적용
15.0,내돈내산,소프트
15.0,내돈내산,완성
15.0,내돈내산,콤팩트
15.0,내돈내산,소프트
15.0,내돈내산,완성
15.0,내돈내산,콤팩트
15.0,여름쿨톤블러셔,소프트
15.0,여름쿨톤블러셔,완성
15.0,여름쿨톤블러셔,콤팩트
15.0,여름쿨톤블러셔추천,소프트
15.0,여름쿨톤블러셔추천,완성
15.0,여름쿨톤블러셔추천,콤팩트
15.0,블러셔추천,소프트
15.0,블러셔추천,완성
15.0,블러셔추천,콤팩트
15.0,스틸라,소프트
15.0,스틸라,완성
15.0,스틸라,콤팩트
15.0,스틸라블루밍서울,소프트
15.0,스틸라블루밍서울,완성
15.0,스틸라블루밍서울,콤팩트
15.0,블루밍서울,소프트
15.0,블루밍서울,완성
15.0,블루밍서울,콤팩트
15.0,스틸라글로우파우더블러셔,소프트
15.0,스틸라글로우파우더블러셔,완성
15.0,스틸라글로우파우더블러셔,콤팩트
15.0,볼터치,소프트
15.0,볼터치,완성
15.0,볼터치,콤팩트
15.0,볼터치추천,소프트
15.0,볼터치추천,완성
15.0,볼터치추천,콤팩트
15.0,딸기우유볼터치,소프트
15.0,딸기우유볼터치,완성
15.0,딸기우유볼터치,콤팩트
4.0,ID_monmonde97,건강
4.0,ID_monmonde97,뮤트
4.0,ID_monmonde97,복숭아
43.0,식비절약,적용
43.0,식비절약,쇼핑
43.0,식비절약,전용
3.0,공짜적립금,항균퍼프
3.0,공짜적립금,선택
3.0,공짜적립금,명시
51.0,,아모레퍼시픽
51.0,,대한항공
51.0,,유통업
8.0,Snp,정졍입니
8.0,Snp,snp
8.0,Snp,beauty
8.0,기초화장품세트,정졍입니
8.0,기초화장품세트,snp
8.0,기초화장품세트,beauty
8.0,기초화장품,정졍입니
8.0,기초화장품,snp
8.0,기초화장품,beauty
15.0,현대백화점,신한은행
15.0,현대백화점,민둥산
15.0,현대백화점,선착순
15.0,신세계백화점,신한은행
15.0,신세계백화점,민둥산
15.0,신세계백화점,선착순
15.0,지에스샵,신한은행
15.0,지에스샵,민둥산
15.0,지에스샵,선착순
15.0,CJ더마켓,신한은행
15.0,CJ더마켓,민둥산
15.0,CJ더마켓,선착순
15.0,팔도감,신한은행
15.0,팔도감,민둥산
15.0,팔도감,선착순
15.0,롯데카드,신한은행
15.0,롯데카드,민둥산
15.0,롯데카드,선착순
15.0,주머니가계부,신한은행
15.0,주머니가계부,민둥산
15.0,주머니가계부,선착순
15.0,외벌이4인가족가계부,신한은행
15.0,외벌이4인가족가계부,민둥산
15.0,외벌이4인가족가계부,선착순
15.0,현대백화점,신한은행
15.0,현대백화점,민둥산
15.0,현대백화점,선착순
15.0,신세계백화점,신한은행
15.0,신세계백화점,민둥산
15.0,신세계백화점,선착순
15.0,지에스샵,신한은행
15.0,지에스샵,민둥산
15.0,지에스샵,선착순
15.0,베베쥬,신한은행
15.0,베베쥬,민둥산
15.0,베베쥬,선착순
15.0,남매룩,신한은행
15.0,남매룩,민둥산
15.0,남매룩,선착순
15.0,CJ더마켓,신한은행
15.0,CJ더마켓,민둥산
15.0,CJ더마켓,선착순
15.0,팔도감,신한은행
15.0,팔도감,민둥산
15.0,팔도감,선착순
15.0,롯데카드,신한은행
15.0,롯데카드,민둥산
15.0,롯데카드,선착순
15.0,롯데온,신한은행
15.0,롯데온,민둥산
15.0,롯데온,선착순
15.0,띵쿠폰,신한은행
15.0,띵쿠폰,민둥산
15.0,띵쿠폰,선착순
15.0,주머니가계부,신한은행
15.0,주머니가계부,민둥산
15.0,주머니가계부,선착순
15.0,주머니일기,신한은행
15.0,주머니일기,민둥산
15.0,주머니일기,선착순
15.0,6월가계부,신한은행
15.0,6월가계부,민둥산
15.0,6월가계부,선착순
15.0,외벌이가계부,신한은행
15.0,외벌이가계부,민둥산
15.0,외벌이가계부,선착순
15.0,4인가족,신한은행
15.0,4인가족,민둥산
15.0,4인가족,선착순
15.0,외벌이4인가족가계부,신한은행
15.0,외벌이4인가족가계부,민둥산
15.0,외벌이4인가족가계부,선착순
15.0,앱테크,신한은행
15.0,앱테크,민둥산
15.0,앱테크,선착순
15.0,짠테크,신한은행
15.0,짠테크,민둥산
15.0,짠테크,선착순
15.0,가계부쓰기,신한은행
15.0,가계부쓰기,민둥산
15.0,가계부쓰기,선착순
6.0,Snp,snp
6.0,Snp,선정
6.0,Snp,형성
6.0,Snp콜라겐기획세트,snp
6.0,Snp콜라겐기획세트,선정
6.0,Snp콜라겐기획세트,형성
6.0,콜라겐크림,snp
6.0,콜라겐크림,선정
6.0,콜라겐크림,형성
6.0,명예의전당,snp
6.0,명예의전당,선정
6.0,명예의전당,형성
3.0,,snp
3.0,,건성
3.0,,선정
30.0,Snp,선정
30.0,Snp,걱정
30.0,Snp,구성
30.0,피부탄력,선정
30.0,피부탄력,걱정
30.0,피부탄력,구성
30.0,Snp프리미엄골드콜라겐기획세트,선정
30.0,Snp프리미엄골드콜라겐기획세트,걱정
30.0,Snp프리미엄골드콜라겐기획세트,구성
30.0,콜라겐크림,선정
30.0,콜라겐크림,걱정
30.0,콜라겐크림,구성
30.0,수분크림,선정
30.0,수분크림,걱정
30.0,수분크림,구성
30.0,보습크림,선정
30.0,보습크림,걱정
30.0,보습크림,구성
23.0,Snp,선정
23.0,Snp,라이프스타일
23.0,Snp,snp
23.0,콜라겐크림,선정
23.0,콜라겐크림,라이프스타일
23.0,콜라겐크림,snp
23.0,피부탄력,선정
23.0,피부탄력,라이프스타일
23.0,피부탄력,snp
23.0,미백크림,선정
23.0,미백크림,라이프스타일
23.0,미백크림,snp
23.0,수분크림,선정
23.0,수분크림,라이프스타일
23.0,수분크림,snp
23.0,밀라뷰티,naver
23.0,밀라뷰티,패디플래닝
23.0,밀라뷰티,동영상
23.0,밀라뷰티,naver
23.0,밀라뷰티,패디플래닝
23.0,밀라뷰티,동영상
23.0,양산동속눈썹,naver
23.0,양산동속눈썹,패디플래닝
23.0,양산동속눈썹,동영상
23.0,양산동반영구,naver
23.0,양산동반영구,패디플래닝
23.0,양산동반영구,동영상
23.0,양산동피부관리,naver
23.0,양산동피부관리,패디플래닝
23.0,양산동피부관리,동영상
23.0,첨단속눈썹펌,naver
23.0,첨단속눈썹펌,패디플래닝
23.0,첨단속눈썹펌,동영상
23.0,첨단피부관리,naver
23.0,첨단피부관리,패디플래닝
23.0,첨단피부관리,동영상
23.0,첨단스킨플래닝,naver
23.0,첨단스킨플래닝,패디플래닝
23.0,첨단스킨플래닝,동영상
23.0,첨단패디플래닝,naver
23.0,첨단패디플래닝,패디플래닝
23.0,첨단패디플래닝,동영상
23.0,일곡동속눈썹,naver
23.0,일곡동속눈썹,패디플래닝
23.0,일곡동속눈썹,동영상
23.0,일곡동피부관리,naver
23.0,일곡동피부관리,패디플래닝
23.0,일곡동피부관리,동영상
23.0,광주북구속눈썹펌,naver
23.0,광주북구속눈썹펌,패디플래닝
23.0,광주북구속눈썹펌,동영상
23.0,광주피부관리샵,naver
23.0,광주피부관리샵,패디플래닝
23.0,광주피부관리샵,동영상
23.0,광주반영구,naver
23.0,광주반영구,패디플래닝
23.0,광주반영구,동영상
5.0,리프팅,snp
5.0,리프팅,선정
5.0,리프팅,라이프스타일
5.0,피부탄력,snp
5.0,피부탄력,선정
5.0,피부탄력,라이프스타일
5.0,수분크림,snp
5.0,수분크림,선정
5.0,수분크림,라이프스타일
5.0,미백크림,snp
5.0,미백크림,선정
5.0,미백크림,라이프스타일
47.0,Snp,snp
47.0,Snp,선정
47.0,Snp,라이프스타일
47.0,피부콜라겐,snp
47.0,피부콜라겐,선정
47.0,피부콜라겐,라이프스타일
47.0,콜라겐크림,snp
47.0,콜라겐크림,선정
47.0,콜라겐크림,라이프스타일
47.0,바르는콜라겐,snp
47.0,바르는콜라겐,선정
47.0,바르는콜라겐,라이프스타일
47.0,콜라겐,snp
47.0,콜라겐,선정
47.0,콜라겐,라이프스타일
4.0,,필터
4.0,,영상
4.0,,url
47.0,,cosmetics
47.0,,와중
47.0,,생활
0.0,윈텍글로비스,친절
0.0,윈텍글로비스,전화
0.0,윈텍글로비스,안전
0.0,윈텍글로비스,친절
0.0,윈텍글로비스,전화
0.0,윈텍글로비스,안전
0.0,윈텍글로비스주식,친절
0.0,윈텍글로비스주식,전화
0.0,윈텍글로비스주식,안전
0.0,윈텍글로비스비상장주식,친절
0.0,윈텍글로비스비상장주식,전화
0.0,윈텍글로비스비상장주식,안전
0.0,윈텍글로비스장외주식,친절
0.0,윈텍글로비스장외주식,전화
0.0,윈텍글로비스장외주식,안전
0.0,뷰티스킨,친절
0.0,뷰티스킨,전화
0.0,뷰티스킨,안전
0.0,뷰티스킨주식,친절
0.0,뷰티스킨주식,전화
0.0,뷰티스킨주식,안전
0.0,뷰티스킨비상장주식,친절
0.0,뷰티스킨비상장주식,전화
0.0,뷰티스킨비상장주식,안전
0.0,뷰티스킨장외주식,친절
0.0,뷰티스킨장외주식,전화
0.0,뷰티스킨장외주식,안전
0.0,노보셀바이오,친절
0.0,노보셀바이오,전화
0.0,노보셀바이오,안전
0.0,노보셀바이오주식,친절
0.0,노보셀바이오주식,전화
0.0,노보셀바이오주식,안전
0.0,노보셀바이오비상장주식,친절
0.0,노보셀바이오비상장주식,전화
0.0,노보셀바이오비상장주식,안전
0.0,노보셀바이오장외주식,친절
0.0,노보셀바이오장외주식,전화
0.0,노보셀바이오장외주식,안전
3.0,,경쟁
3.0,,긍정
3.0,,과정
0.0,,현금영수증
0.0,,증정
0.0,,적립
1.0,첫글,메이크업
1.0,첫글,추천
1.0,첫글,일상
1.0,연작,메이크업
1.0,연작,추천
1.0,연작,일상
1.0,베이스,메이크업
1.0,베이스,추천
1.0,베이스,일상
1.0,기초,메이크업
1.0,기초,추천
1.0,기초,일상
1.0,베이스프렙,메이크업
1.0,베이스프렙,추천
1.0,베이스프렙,일상
1.0,기초베이스,메이크업
1.0,기초베이스,추천
1.0,기초베이스,일상
1.0,,이선영
1.0,,성장
1.0,,칠성
28.0,꼬달리,메이크업
28.0,꼬달리,클렌징
28.0,꼬달리,친환경
28.0,Caudalie,메이크업
28.0,Caudalie,클렌징
28.0,Caudalie,친환경
28.0,비노퍼펙트,메이크업
28.0,비노퍼펙트,클렌징
28.0,비노퍼펙트,친환경
28.0,아이크림,메이크업
28.0,아이크림,클렌징
28.0,아이크림,친환경
28.0,다크서클개선,메이크업
28.0,다크서클개선,클렌징
28.0,다크서클개선,친환경
28.0,브라이트닝,메이크업
28.0,브라이트닝,클렌징
28.0,브라이트닝,친환경
28.0,화이트닝,메이크업
28.0,화이트닝,클렌징
28.0,화이트닝,친환경
28.0,기능성화장품,메이크업
28.0,기능성화장품,클렌징
28.0,기능성화장품,친환경
28.0,클린뷰티,메이크업
28.0,클린뷰티,클렌징
28.0,클린뷰티,친환경
28.0,아이크림추천,메이크업
28.0,아이크림추천,클렌징
28.0,아이크림추천,친환경
1.0,샛별배송,유통업
1.0,샛별배송,컨설팅
1.0,샛별배송,결정
1.0,풀콜드체인,유통업
1.0,풀콜드체인,컨설팅
1.0,풀콜드체인,결정
1.0,데이터드리븐,유통업
1.0,데이터드리븐,컨설팅
1.0,데이터드리븐,결정
1.0,온라인쇼핑,유통업
1.0,온라인쇼핑,컨설팅
1.0,온라인쇼핑,결정
1.0,이커머스,연세대학교
1.0,이커머스,런치박스
1.0,이커머스,열정
1.0,리테일,연세대학교
1.0,리테일,런치박스
1.0,리테일,열정
1.0,컨퍼런스,연세대학교
1.0,컨퍼런스,런치박스
1.0,컨퍼런스,열정
3.0,뷰티트렌드,랭킹
3.0,뷰티트렌드,증정
3.0,뷰티트렌드,메이크업
3.0,뷰티트렌드리포트,랭킹
3.0,뷰티트렌드리포트,증정
3.0,뷰티트렌드리포트,메이크업
3.0,선크림순위,랭킹
3.0,선크림순위,증정
3.0,선크림순위,메이크업
3.0,올리브영선크림순위,랭킹
3.0,올리브영선크림순위,증정
3.0,올리브영선크림순위,메이크업
3.0,선크림시장조사,랭킹
3.0,선크림시장조사,증정
3.0,선크림시장조사,메이크업
3.0,자외선차단제시장,랭킹
3.0,자외선차단제시장,증정
3.0,자외선차단제시장,메이크업
3.0,네이버쇼핑순위,랭킹
3.0,네이버쇼핑순위,증정
3.0,네이버쇼핑순위,메이크업
3.0,선크림,랭킹
3.0,선크림,증정
3.0,선크림,메이크업
3.0,선크림랭킹,랭킹
3.0,선크림랭킹,증정
3.0,선크림랭킹,메이크업
3.0,선크림성분,랭킹
3.0,선크림성분,증정
3.0,선크림성분,메이크업
3.0,뷰티마케팅,랭킹
3.0,뷰티마케팅,증정
3.0,뷰티마케팅,메이크업
3.0,화장품시장조사,랭킹
3.0,화장품시장조사,증정
3.0,화장품시장조사,메이크업
3.0,선크림판매순위,랭킹
3.0,선크림판매순위,증정
3.0,선크림판매순위,메이크업
3.0,선크림인기순위,랭킹
3.0,선크림인기순위,증정
3.0,선크림인기순위,메이크업
18.0,내돈내산,플럼핑효
18.0,내돈내산,인생
18.0,내돈내산,영업
18.0,내돈내산,플럼핑효
18.0,내돈내산,인생
18.0,내돈내산,영업
18.0,아워글래스글로시밤,플럼핑효
18.0,아워글래스글로시밤,인생
18.0,아워글래스글로시밤,영업
18.0,트레이스,플럼핑효
18.0,트레이스,인생
18.0,트레이스,영업
18.0,슬립,플럼핑효
18.0,슬립,인생
18.0,슬립,영업
18.0,쓰릴,플럼핑효
18.0,쓰릴,인생
18.0,쓰릴,영업
18.0,글로시밤,플럼핑효
18.0,글로시밤,인생
18.0,글로시밤,영업
13.0,에리카참새방앗간,수영장
13.0,에리카참새방앗간,mystic
13.0,에리카참새방앗간,아인슈페너
13.0,수영공개수업,수영장
13.0,수영공개수업,mystic
13.0,수영공개수업,아인슈페너
13.0,상하목장아이스크림,수영장
13.0,상하목장아이스크림,mystic
13.0,상하목장아이스크림,아인슈페너
13.0,금요일산책시간,수영장
13.0,금요일산책시간,mystic
13.0,금요일산책시간,아인슈페너
13.0,진미채볶음백종원레시피,수영장
13.0,진미채볶음백종원레시피,mystic
13.0,진미채볶음백종원레시피,아인슈페너
13.0,아인슈페너,수영장
13.0,아인슈페너,mystic
13.0,아인슈페너,아인슈페너
13.0,롤러소닉,수영장
13.0,롤러소닉,mystic
13.0,롤러소닉,아인슈페너
13.0,슬라임카페,수영장
13.0,슬라임카페,mystic
13.0,슬라임카페,아인슈페너
13.0,강치묘,수영장
13.0,강치묘,mystic
13.0,강치묘,아인슈페너
13.0,송어회,수영장
13.0,송어회,mystic
13.0,송어회,아인슈페너
13.0,미분당,수영장
13.0,미분당,mystic
13.0,미분당,아인슈페너
13.0,에끌라두,수영장
13.0,에끌라두,mystic
13.0,에끌라두,아인슈페너
13.0,껌판박이,수영장
13.0,껌판박이,mystic
13.0,껌판박이,아인슈페너
13.0,포카차,수영장
13.0,포카차,mystic
13.0,포카차,아인슈페너
13.0,금요일산책,수영장
13.0,금요일산책,mystic
13.0,금요일산책,아인슈페너
13.0,하이오커피,수영장
13.0,하이오커피,mystic
13.0,하이오커피,아인슈페너
13.0,아인슈페너,수영장
13.0,아인슈페너,mystic
13.0,아인슈페너,아인슈페너
13.0,에리카참새방앗간,수영장
13.0,에리카참새방앗간,mystic
13.0,에리카참새방앗간,아인슈페너
13.0,수영공개수업,수영장
13.0,수영공개수업,mystic
13.0,수영공개수업,아인슈페너
13.0,상하목장아이스크림,수영장
13.0,상하목장아이스크림,mystic
13.0,상하목장아이스크림,아인슈페너
13.0,금요일산책시간,수영장
13.0,금요일산책시간,mystic
13.0,금요일산책시간,아인슈페너
13.0,진미채볶음백종원레시피,수영장
13.0,진미채볶음백종원레시피,mystic
13.0,진미채볶음백종원레시피,아인슈페너
13.0,아인슈페너,수영장
13.0,아인슈페너,mystic
13.0,아인슈페너,아인슈페너
13.0,롤러소닉,수영장
13.0,롤러소닉,mystic
13.0,롤러소닉,아인슈페너
13.0,슬라임카페,수영장
13.0,슬라임카페,mystic
13.0,슬라임카페,아인슈페너
13.0,태안,수영장
13.0,태안,mystic
13.0,태안,아인슈페너
13.0,강치묘,수영장
13.0,강치묘,mystic
13.0,강치묘,아인슈페너
13.0,마시멜로핫초코,수영장
13.0,마시멜로핫초코,mystic
13.0,마시멜로핫초코,아인슈페너
13.0,송어회,수영장
13.0,송어회,mystic
13.0,송어회,아인슈페너
13.0,미분당,수영장
13.0,미분당,mystic
13.0,미분당,아인슈페너
13.0,에끌라두,수영장
13.0,에끌라두,mystic
13.0,에끌라두,아인슈페너
13.0,껌판박이,수영장
13.0,껌판박이,mystic
13.0,껌판박이,아인슈페너
13.0,포카차,수영장
13.0,포카차,mystic
13.0,포카차,아인슈페너
13.0,금요일산책,수영장
13.0,금요일산책,mystic
13.0,금요일산책,아인슈페너
13.0,하이오커피,수영장
13.0,하이오커피,mystic
13.0,하이오커피,아인슈페너
16.0,소비기록,knitting
16.0,소비기록,동영상
16.0,소비기록,형광등
16.0,소비일기,knitting
16.0,소비일기,동영상
16.0,소비일기,형광등
16.0,일상,knitting
16.0,일상,동영상
16.0,일상,형광등
16.0,일기,knitting
16.0,일기,동영상
16.0,일기,형광등
16.0,위시리스트,knitting
16.0,위시리스트,동영상
16.0,위시리스트,형광등
16.0,장바구니,knitting
16.0,장바구니,동영상
16.0,장바구니,형광등
16.0,올영세일,knitting
16.0,올영세일,동영상
16.0,올영세일,형광등
16.0,여쿨립추천,knitting
16.0,여쿨립추천,동영상
16.0,여쿨립추천,형광등
16.0,미니백추천,knitting
16.0,미니백추천,동영상
16.0,미니백추천,형광등
16.0,핸드메이드가방,knitting
16.0,핸드메이드가방,동영상
16.0,핸드메이드가방,형광등
16.0,뜨개가방,knitting
16.0,뜨개가방,동영상
16.0,뜨개가방,형광등
16.0,네온네트백,knitting
16.0,네온네트백,동영상
16.0,네온네트백,형광등
16.0,숙희의실이야기,knitting
16.0,숙희의실이야기,동영상
16.0,숙희의실이야기,형광등
17.0,,성공
17.0,,정의
17.0,,성과
35.0,더넥스트커머스2023,이선영
35.0,더넥스트커머스2023,commerce
35.0,더넥스트커머스2023,안녕하세요
35.0,마음,이선영
35.0,마음,commerce
35.0,마음,안녕하세요
35.0,더넥스트커머스2023,이선영
35.0,더넥스트커머스2023,commerce
35.0,더넥스트커머스2023,안녕하세요
35.0,데일리트렌드,이선영
35.0,데일리트렌드,commerce
35.0,데일리트렌드,안녕하세요
35.0,아이보스,이선영
35.0,아이보스,commerce
35.0,아이보스,안녕하세요
29.0,,메리츠화재
29.0,,명의
29.0,,ads
4.0,제로베이스,급상승
4.0,제로베이스,경쟁력
4.0,제로베이스,입장
4.0,UI,급상승
4.0,UI,경쟁력
4.0,UI,입장
4.0,UX,급상승
4.0,UX,경쟁력
4.0,UX,입장
4.0,UIUX디자인스쿨,급상승
4.0,UIUX디자인스쿨,경쟁력
4.0,UIUX디자인스쿨,입장
4.0,UI공부,급상승
4.0,UI공부,경쟁력
4.0,UI공부,입장
4.0,UX공부,급상승
4.0,UX공부,경쟁력
4.0,UX공부,입장
4.0,디자인공부,급상승
4.0,디자인공부,경쟁력
4.0,디자인공부,입장
4.0,취준기록,급상승
4.0,취준기록,경쟁력
4.0,취준기록,입장
4.0,취준일지,급상승
4.0,취준일지,경쟁력
4.0,취준일지,입장
4.0,취뽀,급상승
4.0,취뽀,경쟁력
4.0,취뽀,입장
4.0,빡공,급상승
4.0,빡공,경쟁력
4.0,빡공,입장
4.0,부트캠프,급상승
4.0,부트캠프,경쟁력
4.0,부트캠프,입장
5.0,,ads
5.0,,명시
5.0,,메리츠화재
112.0,캐시워크,이용
112.0,캐시워크,명시
112.0,캐시워크,카테고리
112.0,캐시워크돈버는퀴즈,이용
112.0,캐시워크돈버는퀴즈,명시
112.0,캐시워크돈버는퀴즈,카테고리
112.0,6월12일캐시워크돈버는퀴즈정답,이용
112.0,6월12일캐시워크돈버는퀴즈정답,명시
112.0,6월12일캐시워크돈버는퀴즈정답,카테고리
112.0,캐시워크,이용
112.0,캐시워크,명시
112.0,캐시워크,카테고리
112.0,캐시워크돈버는퀴즈,이용
112.0,캐시워크돈버는퀴즈,명시
112.0,캐시워크돈버는퀴즈,카테고리
112.0,6월12일캐시워크돈버는퀴즈정답,이용
112.0,6월12일캐시워크돈버는퀴즈정답,명시
112.0,6월12일캐시워크돈버는퀴즈정답,카테고리
0.0,할인,선착순
0.0,할인,진행
0.0,할인,일주일
0.0,행사,선착순
0.0,행사,진행
0.0,행사,일주일
0.0,전단지,선착순
0.0,전단지,진행
0.0,전단지,일주일
0.0,세일,선착순
0.0,세일,진행
0.0,세일,일주일
0.0,화장품,선착순
0.0,화장품,진행
0.0,화장품,일주일
0.0,화장품할인,선착순
0.0,화장품할인,진행
0.0,화장품할인,일주일
0.0,화장품세일,선착순
0.0,화장품세일,진행
0.0,화장품세일,일주일
0.0,화장품행사,선착순
0.0,화장품행사,진행
0.0,화장품행사,일주일
0.0,뷰티,선착순
0.0,뷰티,진행
0.0,뷰티,일주일
0.0,뷰티행사,선착순
0.0,뷰티행사,진행
0.0,뷰티행사,일주일
0.0,뷰티세일,선착순
0.0,뷰티세일,진행
0.0,뷰티세일,일주일
0.0,뷰티할인,선착순
0.0,뷰티할인,진행
0.0,뷰티할인,일주일
0.0,뷰티제품,선착순
0.0,뷰티제품,진행
0.0,뷰티제품,일주일
15.0,육아일상,관광지
15.0,육아일상,정황
15.0,육아일상,이정식
15.0,남매일상,관광지
15.0,남매일상,정황
15.0,남매일상,이정식
15.0,여주여행,관광지
15.0,여주여행,정황
15.0,여주여행,이정식
15.0,선재도,관광지
15.0,선재도,정황
15.0,선재도,이정식
15.0,고양이역,관광지
15.0,고양이역,정황
15.0,고양이역,이정식
1.0,홍또연,평상시
1.0,홍또연,선착순
1.0,홍또연,안녕하세요
1.0,라로슈포제,평상시
1.0,라로슈포제,선착순
1.0,라로슈포제,안녕하세요
1.0,시카플라스트밤B5,평상시
1.0,시카플라스트밤B5,선착순
1.0,시카플라스트밤B5,안녕하세요
1.0,로션,평상시
1.0,로션,선착순
1.0,로션,안녕하세요
1.0,내돈내산,평상시
1.0,내돈내산,선착순
1.0,내돈내산,안녕하세요
1.0,할인정보,평상시
1.0,할인정보,선착순
1.0,할인정보,안녕하세요
1.0,피부,평상시
1.0,피부,선착순
1.0,피부,안녕하세요
1.0,기초화장,평상시
1.0,기초화장,선착순
1.0,기초화장,안녕하세요
1.0,스킨케어,평상시
1.0,스킨케어,선착순
1.0,스킨케어,안녕하세요
18.0,포항왁싱,동영상
18.0,포항왁싱,평상시
18.0,포항왁싱,걱정
18.0,페이스왁싱,동영상
18.0,페이스왁싱,평상시
18.0,페이스왁싱,걱정
18.0,캐치업토탈뷰티,동영상
18.0,캐치업토탈뷰티,평상시
18.0,캐치업토탈뷰티,걱정
18.0,졸리원장,동영상
18.0,졸리원장,평상시
18.0,졸리원장,걱정
11.0,로하뷰티,대전광역시
11.0,로하뷰티,naver
11.0,로하뷰티,속눈썹
11.0,로하뷰티,대전광역시
11.0,로하뷰티,naver
11.0,로하뷰티,속눈썹
11.0,로하뷰티,대전광역시
11.0,로하뷰티,naver
11.0,로하뷰티,속눈썹
11.0,로하뷰티,대전광역시
11.0,로하뷰티,naver
11.0,로하뷰티,속눈썹
11.0,대전속눈썹펌,대전광역시
11.0,대전속눈썹펌,naver
11.0,대전속눈썹펌,속눈썹
0.0,bts10주년,bts
0.0,bts10주년,크롤
0.0,체크인챌린지,bts
0.0,체크인챌린지,크롤
0.0,youneverwalkalone,bts
0.0,youneverwalkalone,크롤
0.0,bts10주년,bts
0.0,bts10주년,크롤
12.0,삼성iDOn카드,신용카드
12.0,삼성iDOn카드,클리어
12.0,삼성iDOn카드,신한카드
12.0,케이뱅크simple카드,신용카드
12.0,케이뱅크simple카드,클리어
12.0,케이뱅크simple카드,신한카드
12.0,시발카드,신용카드
12.0,시발카드,클리어
12.0,시발카드,신한카드
12.0,클리어플러스,신용카드
12.0,클리어플러스,클리어
12.0,클리어플러스,신한카드
12.0,딥오일카드,신용카드
12.0,딥오일카드,클리어
12.0,딥오일카드,신한카드
12.0,적립조아카드,신용카드
12.0,적립조아카드,클리어
12.0,적립조아카드,신한카드
12.0,쇼핑조아카드,신용카드
12.0,쇼핑조아카드,클리어
12.0,쇼핑조아카드,신한카드
12.0,할인조아카드,신용카드
12.0,할인조아카드,클리어
12.0,할인조아카드,신한카드
12.0,카드테크,신용카드
12.0,카드테크,클리어
12.0,카드테크,신한카드
12.0,페이북,신용카드
12.0,페이북,클리어
12.0,페이북,신한카드
12.0,삼성iDOn카드,신용카드
12.0,삼성iDOn카드,클리어
12.0,삼성iDOn카드,신한카드
12.0,케이뱅크simple카드,신용카드
12.0,케이뱅크simple카드,클리어
12.0,케이뱅크simple카드,신한카드
12.0,시발카드,신용카드
12.0,시발카드,클리어
12.0,시발카드,신한카드
12.0,클리어플러스,신용카드
12.0,클리어플러스,클리어
12.0,클리어플러스,신한카드
12.0,딥오일카드,신용카드
12.0,딥오일카드,클리어
12.0,딥오일카드,신한카드
12.0,적립조아카드,신용카드
12.0,적립조아카드,클리어
12.0,적립조아카드,신한카드
12.0,쇼핑조아카드,신용카드
12.0,쇼핑조아카드,클리어
12.0,쇼핑조아카드,신한카드
12.0,할인조아카드,신용카드
12.0,할인조아카드,클리어
12.0,할인조아카드,신한카드
12.0,캐시백,신용카드
12.0,캐시백,클리어
12.0,캐시백,신한카드
12.0,혜택,신용카드
12.0,혜택,클리어
12.0,혜택,신한카드
12.0,bc바로카드,신용카드
12.0,bc바로카드,클리어
12.0,bc바로카드,신한카드
12.0,신용카드캐시백이벤트,신용카드
12.0,신용카드캐시백이벤트,클리어
12.0,신용카드캐시백이벤트,신한카드
5.0,다이소퍼프,곰팡이
5.0,다이소퍼프,플라스틱
5.0,다이소퍼프,명시
5.0,버리기,곰팡이
5.0,버리기,플라스틱
5.0,버리기,명시
6.0,단백질헤어팩추천,lpp
6.0,단백질헤어팩추천,트리트먼트
6.0,단백질헤어팩추천,명시
6.0,대용량트리트먼트,lpp
6.0,대용량트리트먼트,트리트먼트
6.0,대용량트리트먼트,명시
6.0,단백질트리트먼트,lpp
6.0,단백질트리트먼트,트리트먼트
6.0,단백질트리트먼트,명시
6.0,단백질헤어팩추천,lpp
6.0,단백질헤어팩추천,트리트먼트
6.0,단백질헤어팩추천,명시
6.0,박준뷰티랩,lpp
6.0,박준뷰티랩,트리트먼트
6.0,박준뷰티랩,명시
6.0,대용량트리트먼트,lpp
6.0,대용량트리트먼트,트리트먼트
6.0,대용량트리트먼트,명시
6.0,트리트먼트추천,lpp
6.0,트리트먼트추천,트리트먼트
6.0,트리트먼트추천,명시
6.0,단백질트리트먼트,lpp
6.0,단백질트리트먼트,트리트먼트
6.0,단백질트리트먼트,명시
1.0,카카오톡선물하기,컨설팅
1.0,카카오톡선물하기,역삼동
1.0,카카오톡선물하기,명시
1.0,제품,컨설팅
1.0,제품,역삼동
1.0,제품,명시
1.0,연결이많은사람이되자,컨설팅
1.0,연결이많은사람이되자,역삼동
1.0,연결이많은사람이되자,명시
1.0,카카오톡선물하기,컨설팅
1.0,카카오톡선물하기,역삼동
1.0,카카오톡선물하기,명시
1.0,카카오톡선물하기입점제안서,컨설팅
1.0,카카오톡선물하기입점제안서,역삼동
1.0,카카오톡선물하기입점제안서,명시
1.0,올리브영,컨설팅
1.0,올리브영,역삼동
1.0,올리브영,명시
1.0,라스트픽,컨설팅
1.0,라스트픽,역삼동
1.0,라스트픽,명시
1.0,오모리국밥,컨설팅
1.0,오모리국밥,역삼동
1.0,오모리국밥,명시
1.0,메가커피,컨설팅
1.0,메가커피,역삼동
1.0,메가커피,명시
1.0,제품,컨설팅
1.0,제품,역삼동
1.0,제품,명시
1.0,연결이많은사람이되자,컨설팅
1.0,연결이많은사람이되자,역삼동
1.0,연결이많은사람이되자,명시
1.0,뷰통월드,컨설팅
1.0,뷰통월드,역삼동
1.0,뷰통월드,명시
1.0,뷰티유통월드,컨설팅
1.0,뷰티유통월드,역삼동
1.0,뷰티유통월드,명시
122.0,,금상첨화
122.0,,동영상
122.0,,핑크색
4.0,,인정
4.0,,성공
4.0,,상정
8.0,기름종이파우더,블렌딩이랍니
8.0,기름종이파우더,여행지
8.0,기름종이파우더,완성
8.0,뷰티템추천,블렌딩이랍니
8.0,뷰티템추천,여행지
8.0,뷰티템추천,완성
8.0,데이지크블러셔,블렌딩이랍니
8.0,데이지크블러셔,여행지
8.0,데이지크블러셔,완성
8.0,노세범파우더,블렌딩이랍니
8.0,노세범파우더,여행지
8.0,노세범파우더,완성
8.0,프라이머추천,블렌딩이랍니
8.0,프라이머추천,여행지
8.0,프라이머추천,완성
8.0,랑콤선크림,블렌딩이랍니
8.0,랑콤선크림,여행지
8.0,랑콤선크림,완성
8.0,선크림추천,블렌딩이랍니
8.0,선크림추천,여행지
8.0,선크림추천,완성
8.0,기름종이파우더,블렌딩이랍니
8.0,기름종이파우더,여행지
8.0,기름종이파우더,완성
14.0,멀잇오버,증정
14.0,멀잇오버,선착순
14.0,멀잇오버,적용
14.0,뷰티템추천,증정
14.0,뷰티템추천,선착순
14.0,뷰티템추천,적용
14.0,맥,증정
14.0,맥,선착순
14.0,맥,적용
14.0,아워글래스,증정
14.0,아워글래스,선착순
14.0,아워글래스,적용
14.0,멀잇오버,증정
14.0,멀잇오버,선착순
14.0,멀잇오버,적용
14.0,맥파우더키스,증정
14.0,맥파우더키스,선착순
14.0,맥파우더키스,적용
14.0,프라이머추천,증정
14.0,프라이머추천,선착순
14.0,프라이머추천,적용
14.0,뷰티템추천,동영상
14.0,뷰티템추천,영상
14.0,뷰티템추천,완성
14.0,데이지크,동영상
14.0,데이지크,영상
14.0,데이지크,완성
14.0,데이지크팔레트,동영상
14.0,데이지크팔레트,영상
14.0,데이지크팔레트,완성
14.0,데이지크섀도우,동영상
14.0,데이지크섀도우,영상
14.0,데이지크섀도우,완성
14.0,섀도우팔레트추천,동영상
14.0,섀도우팔레트추천,영상
14.0,섀도우팔레트추천,완성
14.0,블러셔,동영상
14.0,블러셔,영상
14.0,블러셔,완성
14.0,치크,동영상
14.0,치크,영상
14.0,치크,완성
14.0,블러셔추천,동영상
14.0,블러셔추천,영상
14.0,블러셔추천,완성
43.0,뷰티템추천,블렌딩무드치크
43.0,뷰티템추천,증정
43.0,뷰티템추천,완성
43.0,데이지크,블렌딩무드치크
43.0,데이지크,증정
43.0,데이지크,완성
43.0,블렌딩무드치크,블렌딩무드치크
43.0,블렌딩무드치크,증정
43.0,블렌딩무드치크,완성
43.0,맥,블렌딩무드치크
43.0,맥,증정
43.0,맥,완성
43.0,맥립스틱,블렌딩무드치크
43.0,맥립스틱,증정
43.0,맥립스틱,완성
43.0,파우더키스벨벳블러슬림스틱,블렌딩무드치크
43.0,파우더키스벨벳블러슬림스틱,증정
43.0,파우더키스벨벳블러슬림스틱,완성
43.0,맥스틱,블렌딩무드치크
43.0,맥스틱,증정
43.0,맥스틱,완성
43.0,립스틱추천,블렌딩무드치크
43.0,립스틱추천,증정
43.0,립스틱추천,완성
43.0,치크추천,블렌딩무드치크
43.0,치크추천,증정
43.0,치크추천,완성
43.0,맥파우더키스벨벳,블렌딩무드치크
43.0,맥파우더키스벨벳,증정
43.0,맥파우더키스벨벳,완성
43.0,데이지크블러셔,블렌딩무드치크
43.0,데이지크블러셔,증정
43.0,데이지크블러셔,완성
43.0,블러셔추천,블렌딩무드치크
43.0,블러셔추천,증정
43.0,블러셔추천,완성
41.0,뷰티템추천,증정
41.0,뷰티템추천,애정
41.0,뷰티템추천,시어버터
41.0,맥,증정
41.0,맥,애정
41.0,맥,시어버터
41.0,맥립스틱,증정
41.0,맥립스틱,애정
41.0,맥립스틱,시어버터
41.0,맥파우더키스벨벳,증정
41.0,맥파우더키스벨벳,애정
41.0,맥파우더키스벨벳,시어버터
41.0,스윗시나몬,증정
41.0,스윗시나몬,애정
41.0,스윗시나몬,시어버터
41.0,아토팜,증정
41.0,아토팜,애정
41.0,아토팜,시어버터
41.0,수딩젤,증정
41.0,수딩젤,애정
41.0,수딩젤,시어버터
41.0,아토팜수딩젤로션,증정
41.0,아토팜수딩젤로션,애정
41.0,아토팜수딩젤로션,시어버터
16.0,뷰티템추천,걱정
16.0,뷰티템추천,갱갱
16.0,뷰티템추천,선택
16.0,아워글래스,걱정
16.0,아워글래스,갱갱
16.0,아워글래스,선택
16.0,맥,걱정
16.0,맥,갱갱
16.0,맥,선택
16.0,프라이머추천,걱정
16.0,프라이머추천,갱갱
16.0,프라이머추천,선택
16.0,립추천,걱정
16.0,립추천,갱갱
16.0,립추천,선택
4.0,뷰티템추천,makeup
4.0,뷰티템추천,beauty
4.0,뷰티템추천,평상시
4.0,데이지크,makeup
4.0,데이지크,beauty
4.0,데이지크,평상시
4.0,데이지크팔레트,makeup
4.0,데이지크팔레트,beauty
4.0,데이지크팔레트,평상시
4.0,데이지크섀도우,makeup
4.0,데이지크섀도우,beauty
4.0,데이지크섀도우,평상시
4.0,섀도우팔레트추천,makeup
4.0,섀도우팔레트추천,beauty
4.0,섀도우팔레트추천,평상시
4.0,크리니크,makeup
4.0,크리니크,beauty
4.0,크리니크,평상시
4.0,크리니크블러셔,makeup
4.0,크리니크블러셔,beauty
4.0,크리니크블러셔,평상시
4.0,블러셔추천,makeup
4.0,블러셔추천,beauty
4.0,블러셔추천,평상시
1.0,KURLY,진행
1.0,KURLY,럭셔리
1.0,KURLY,기업
1.0,뷰티,진행
1.0,뷰티,럭셔리
1.0,뷰티,기업
1.0,페스타,진행
1.0,페스타,럭셔리
1.0,페스타,기업
1.0,상반기,진행
1.0,상반기,럭셔리
1.0,상반기,기업
1.0,결산,진행
1.0,결산,럭셔리
1.0,결산,기업
1.0,할인,진행
1.0,할인,럭셔리
1.0,할인,기업
1.0,행사,진행
1.0,행사,럭셔리
1.0,행사,기업
12.0,논픽션,성공
12.0,논픽션,걱정
12.0,논픽션,중성
12.0,아로마티카,성공
12.0,아로마티카,걱정
12.0,아로마티카,중성
12.0,CNP,성공
12.0,CNP,걱정
12.0,CNP,중성
12.0,차앤박,성공
12.0,차앤박,걱정
12.0,차앤박,중성
12.0,닥터지,성공
12.0,닥터지,걱정
12.0,닥터지,중성
12.0,논픽션핸드워시,성공
12.0,논픽션핸드워시,걱정
12.0,논픽션핸드워시,중성
12.0,아로마티카샴푸,성공
12.0,아로마티카샴푸,걱정
12.0,아로마티카샴푸,중성
12.0,논픽션핸드크림,성공
12.0,논픽션핸드크림,걱정
12.0,논픽션핸드크림,중성
12.0,아로마티카여성청결제,성공
12.0,아로마티카여성청결제,걱정
12.0,아로마티카여성청결제,중성
12.0,뷰티템추천,성공
12.0,뷰티템추천,걱정
12.0,뷰티템추천,중성
12.0,닥터지수분크림,성공
12.0,닥터지수분크림,걱정
12.0,닥터지수분크림,중성
12.0,CNP프로폴리스앰플에센스,성공
12.0,CNP프로폴리스앰플에센스,걱정
12.0,CNP프로폴리스앰플에센스,중성
12.0,여성청결제추천,성공
12.0,여성청결제추천,걱정
12.0,여성청결제추천,중성
12.0,샴푸추천,성공
12.0,샴푸추천,걱정
12.0,샴푸추천,중성
12.0,핸드크림추천,성공
12.0,핸드크림추천,걱정
12.0,핸드크림추천,중성
12.0,수분크림추천,성공
12.0,수분크림추천,걱정
12.0,수분크림추천,중성
12.0,에센스추천,성공
12.0,에센스추천,걱정
12.0,에센스추천,중성
12.0,핸드워시추천,성공
12.0,핸드워시추천,걱정
12.0,핸드워시추천,중성
22.0,뷰티템추처,클렌징
22.0,뷰티템추처,걱정
22.0,뷰티템추처,컨디션
22.0,닥터지,클렌징
22.0,닥터지,걱정
22.0,닥터지,컨디션
22.0,닥터지수딩크림,클렌징
22.0,닥터지수딩크림,걱정
22.0,닥터지수딩크림,컨디션
22.0,수분크림추천,클렌징
22.0,수분크림추천,걱정
22.0,수분크림추천,컨디션
22.0,스킨푸드,클렌징
22.0,스킨푸드,걱정
22.0,스킨푸드,컨디션
22.0,당근토너,클렌징
22.0,당근토너,걱정
22.0,당근토너,컨디션
22.0,토너추천,클렌징
22.0,토너추천,걱정
22.0,토너추천,컨디션
22.0,쿤달,클렌징
22.0,쿤달,걱정
22.0,쿤달,컨디션
22.0,트리트먼트추천,클렌징
22.0,트리트먼트추천,걱정
22.0,트리트먼트추천,컨디션
17.0,뷰티템추천,립스틱
17.0,뷰티템추천,미스트
17.0,뷰티템추천,명시
17.0,아멜리,립스틱
17.0,아멜리,미스트
17.0,아멜리,명시
17.0,섀도우추천,립스틱
17.0,섀도우추천,미스트
17.0,섀도우추천,명시
17.0,아워글래스,립스틱
17.0,아워글래스,미스트
17.0,아워글래스,명시
17.0,글로시밤,립스틱
17.0,글로시밤,미스트
17.0,글로시밤,명시
17.0,립밤추천,립스틱
17.0,립밤추천,미스트
17.0,립밤추천,명시
4.0,한중총상회,급상승
4.0,한중총상회,착용
4.0,한중총상회,모공
4.0,한중총상회,급상승
4.0,한중총상회,착용
4.0,한중총상회,모공
6.0,타임세일,일정
6.0,타임세일,샘플링
6.0,타임세일,명시
6.0,특가,일정
6.0,특가,샘플링
6.0,특가,명시
6.0,이벤트,일정
6.0,이벤트,샘플링
6.0,이벤트,명시
6.0,배송비체험,일정
6.0,배송비체험,샘플링
6.0,배송비체험,명시
6.0,배송비딜,일정
6.0,배송비딜,샘플링
6.0,배송비딜,명시
6.0,990원특가,일정
6.0,990원특가,샘플링
6.0,990원특가,명시
6.0,타임딜,일정
6.0,타임딜,샘플링
6.0,타임딜,명시
6.0,오픈런,일정
6.0,오픈런,샘플링
6.0,오픈런,명시
6.0,체험딜,일정
6.0,체험딜,샘플링
6.0,체험딜,명시
6.0,화장품체험,일정
6.0,화장품체험,샘플링
6.0,화장품체험,명시
6.0,세일,일정
6.0,세일,샘플링
6.0,세일,명시
6.0,990원,일정
6.0,990원,샘플링
6.0,990원,명시
6.0,체험키트,일정
6.0,체험키트,샘플링
6.0,체험키트,명시
6.0,선착순체험,일정
6.0,선착순체험,샘플링
6.0,선착순체험,명시
6.0,체험특가,일정
6.0,체험특가,샘플링
6.0,체험특가,명시
6.0,체험이벤트,일정
6.0,체험이벤트,샘플링
6.0,체험이벤트,명시
6.0,헤어오일,일정
6.0,헤어오일,샘플링
6.0,헤어오일,명시
6.0,체험팩,일정
6.0,체험팩,샘플링
6.0,체험팩,명시
6.0,회원체험딜,일정
6.0,회원체험딜,샘플링
6.0,회원체험딜,명시
6.0,무료체험,일정
6.0,무료체험,샘플링
6.0,무료체험,명시
6.0,체험,일정
6.0,체험,샘플링
6.0,체험,명시
6.0,화장품샘플,일정
6.0,화장품샘플,샘플링
6.0,화장품샘플,명시
6.0,샘플링,일정
6.0,샘플링,샘플링
6.0,샘플링,명시
6.0,샘플체험,일정
6.0,샘플체험,샘플링
6.0,샘플체험,명시
6.0,체험딜이벤트,일정
6.0,체험딜이벤트,샘플링
6.0,체험딜이벤트,명시
6.0,뷰티,일정
6.0,뷰티,샘플링
6.0,뷰티,명시
6.0,샴푸체험,일정
6.0,샴푸체험,샘플링
6.0,샴푸체험,명시
30.0,캐시워크,cashbee
30.0,캐시워크,실시간캐시워크정답
30.0,캐시워크,변경
30.0,6월19일캐시워크돈버는퀴즈정답,cashbee
30.0,6월19일캐시워크돈버는퀴즈정답,실시간캐시워크정답
30.0,6월19일캐시워크돈버는퀴즈정답,변경
30.0,로코초코캐시워크정답,cashbee
30.0,로코초코캐시워크정답,실시간캐시워크정답
30.0,로코초코캐시워크정답,변경
30.0,컷슬린캐시워크정답,cashbee
30.0,컷슬린캐시워크정답,실시간캐시워크정답
30.0,컷슬린캐시워크정답,변경
30.0,캐시워크,cashbee
30.0,캐시워크,실시간캐시워크정답
30.0,캐시워크,변경
30.0,캐시워크정답,cashbee
30.0,캐시워크정답,실시간캐시워크정답
30.0,캐시워크정답,변경
30.0,캐시워크돈버는퀴즈,cashbee
30.0,캐시워크돈버는퀴즈,실시간캐시워크정답
30.0,캐시워크돈버는퀴즈,변경
30.0,캐시워크돈버는퀴즈정답,cashbee
30.0,캐시워크돈버는퀴즈정답,실시간캐시워크정답
30.0,캐시워크돈버는퀴즈정답,변경
30.0,캐시워크실시간정답,cashbee
30.0,캐시워크실시간정답,실시간캐시워크정답
30.0,캐시워크실시간정답,변경
30.0,6월19일캐시워크돈버는퀴즈정답,cashbee
30.0,6월19일캐시워크돈버는퀴즈정답,실시간캐시워크정답
30.0,6월19일캐시워크돈버는퀴즈정답,변경
30.0,6월19일캐시워크정답,cashbee
30.0,6월19일캐시워크정답,실시간캐시워크정답
30.0,6월19일캐시워크정답,변경
30.0,6월19일돈버는퀴즈정답,cashbee
30.0,6월19일돈버는퀴즈정답,실시간캐시워크정답
30.0,6월19일돈버는퀴즈정답,변경
30.0,19일캐시워크정답,cashbee
30.0,19일캐시워크정답,실시간캐시워크정답
30.0,19일캐시워크정답,변경
30.0,19일실시간캐시워크정답,cashbee
30.0,19일실시간캐시워크정답,실시간캐시워크정답
30.0,19일실시간캐시워크정답,변경
30.0,로코초코캐시워크정답,cashbee
30.0,로코초코캐시워크정답,실시간캐시워크정답
30.0,로코초코캐시워크정답,변경
30.0,방탄커피캐시워크정답,cashbee
30.0,방탄커피캐시워크정답,실시간캐시워크정답
30.0,방탄커피캐시워크정답,변경
30.0,위메프캐시워크정답,cashbee
30.0,위메프캐시워크정답,실시간캐시워크정답
30.0,위메프캐시워크정답,변경
30.0,소휘캐시워크정답,cashbee
30.0,소휘캐시워크정답,실시간캐시워크정답
30.0,소휘캐시워크정답,변경
30.0,컷슬린캐시워크정답,cashbee
30.0,컷슬린캐시워크정답,실시간캐시워크정답
30.0,컷슬린캐시워크정답,변경
30.0,비닐라코캐시워크정답,cashbee
30.0,비닐라코캐시워크정답,실시간캐시워크정답
30.0,비닐라코캐시워크정답,변경
30.0,시프트캡슐샤워기캐시워크정답,cashbee
30.0,시프트캡슐샤워기캐시워크정답,실시간캐시워크정답
30.0,시프트캡슐샤워기캐시워크정답,변경
30.0,포인트포토캐시워크정답,cashbee
30.0,포인트포토캐시워크정답,실시간캐시워크정답
30.0,포인트포토캐시워크정답,변경
21.0,보리밥,물냉면
21.0,보리밥,고맙습니다
21.0,보리밥,인생
21.0,누네빛안과,물냉면
21.0,누네빛안과,고맙습니다
21.0,누네빛안과,인생
21.0,미쏘,물냉면
21.0,미쏘,고맙습니다
21.0,미쏘,인생
21.0,드립핑크,물냉면
21.0,드립핑크,고맙습니다
21.0,드립핑크,인생
21.0,엔도스,물냉면
21.0,엔도스,고맙습니다
21.0,엔도스,인생
21.0,OSIO,물냉면
21.0,OSIO,고맙습니다
21.0,OSIO,인생
21.0,감자빵,물냉면
21.0,감자빵,고맙습니다
21.0,감자빵,인생
21.0,모라맛집,물냉면
21.0,모라맛집,고맙습니다
21.0,모라맛집,인생
21.0,백양산볶음밥,물냉면
21.0,백양산볶음밥,고맙습니다
21.0,백양산볶음밥,인생
21.0,keybo,물냉면
21.0,keybo,고맙습니다
21.0,keybo,인생
21.0,오운완,물냉면
21.0,오운완,고맙습니다
21.0,오운완,인생
21.0,삼락공원,물냉면
21.0,삼락공원,고맙습니다
21.0,삼락공원,인생
21.0,트러프핫소스,물냉면
21.0,트러프핫소스,고맙습니다
21.0,트러프핫소스,인생
21.0,TGIF,물냉면
21.0,TGIF,고맙습니다
21.0,TGIF,인생
21.0,플랫아이언스테이크,물냉면
21.0,플랫아이언스테이크,고맙습니다
21.0,플랫아이언스테이크,인생
21.0,케이준프라이드치킨샐러드,물냉면
21.0,케이준프라이드치킨샐러드,고맙습니다
21.0,케이준프라이드치킨샐러드,인생
21.0,오렌지라떼,물냉면
21.0,오렌지라떼,고맙습니다
21.0,오렌지라떼,인생
21.0,애플모과에이드,물냉면
21.0,애플모과에이드,고맙습니다
21.0,애플모과에이드,인생
21.0,보리밥,물냉면
21.0,보리밥,고맙습니다
21.0,보리밥,인생
21.0,양념갈비,물냉면
21.0,양념갈비,고맙습니다
21.0,양념갈비,인생
21.0,누네빛안과,물냉면
21.0,누네빛안과,고맙습니다
21.0,누네빛안과,인생
21.0,미쏘,물냉면
21.0,미쏘,고맙습니다
21.0,미쏘,인생
21.0,순대,물냉면
21.0,순대,고맙습니다
21.0,순대,인생
21.0,드립핑크,물냉면
21.0,드립핑크,고맙습니다
21.0,드립핑크,인생
21.0,엔도스,물냉면
21.0,엔도스,고맙습니다
21.0,엔도스,인생
21.0,OSIO,물냉면
21.0,OSIO,고맙습니다
21.0,OSIO,인생
21.0,감자빵,물냉면
21.0,감자빵,고맙습니다
21.0,감자빵,인생
21.0,엔제리너스,물냉면
21.0,엔제리너스,고맙습니다
21.0,엔제리너스,인생
21.0,모라맛집,물냉면
21.0,모라맛집,고맙습니다
21.0,모라맛집,인생
21.0,세하돈가,물냉면
21.0,세하돈가,고맙습니다
21.0,세하돈가,인생
21.0,김해뒷고기창고,물냉면
21.0,김해뒷고기창고,고맙습니다
21.0,김해뒷고기창고,인생
21.0,백양산볶음밥,물냉면
21.0,백양산볶음밥,고맙습니다
21.0,백양산볶음밥,인생
21.0,keybo,물냉면
21.0,keybo,고맙습니다
21.0,keybo,인생
21.0,오운완,물냉면
21.0,오운완,고맙습니다
21.0,오운완,인생
21.0,누룽지삼계탕,물냉면
21.0,누룽지삼계탕,고맙습니다
21.0,누룽지삼계탕,인생
21.0,삼락공원,물냉면
21.0,삼락공원,고맙습니다
21.0,삼락공원,인생
21.0,바르닭,물냉면
21.0,바르닭,고맙습니다
21.0,바르닭,인생
21.0,트러프핫소스,물냉면
21.0,트러프핫소스,고맙습니다
21.0,트러프핫소스,인생
21.0,TGIF,물냉면
21.0,TGIF,고맙습니다
21.0,TGIF,인생
21.0,플랫아이언스테이크,물냉면
21.0,플랫아이언스테이크,고맙습니다
21.0,플랫아이언스테이크,인생
21.0,케이준프라이드치킨샐러드,물냉면
21.0,케이준프라이드치킨샐러드,고맙습니다
21.0,케이준프라이드치킨샐러드,인생
21.0,오렌지라떼,물냉면
21.0,오렌지라떼,고맙습니다
21.0,오렌지라떼,인생
21.0,애플모과에이드,물냉면
21.0,애플모과에이드,고맙습니다
21.0,애플모과에이드,인생
55.0,페리페라,기상청
55.0,페리페라,립앤치
55.0,페리페라,잉크
55.0,페리페라틴트,기상청
55.0,페리페라틴트,립앤치
55.0,페리페라틴트,잉크
55.0,잉크더벨벳,기상청
55.0,잉크더벨벳,립앤치
55.0,잉크더벨벳,잉크
55.0,봄웜,기상청
55.0,봄웜,립앤치
55.0,봄웜,잉크
55.0,봄웜톤,기상청
55.0,봄웜톤,립앤치
55.0,봄웜톤,잉크
55.0,웜톤틴트,기상청
55.0,웜톤틴트,립앤치
55.0,웜톤틴트,잉크
55.0,틴트,기상청
55.0,틴트,립앤치
55.0,틴트,잉크
55.0,코덕,기상청
55.0,코덕,립앤치
55.0,코덕,잉크
55.0,틴트추천,기상청
55.0,틴트추천,립앤치
55.0,틴트추천,잉크
55.0,봄웜라이트,기상청
55.0,봄웜라이트,립앤치
55.0,봄웜라이트,잉크
55.0,코랄틴트,기상청
55.0,코랄틴트,립앤치
55.0,코랄틴트,잉크
55.0,벨벳틴트,기상청
55.0,벨벳틴트,립앤치
55.0,벨벳틴트,잉크
55.0,봄웜레이더,기상청
55.0,봄웜레이더,립앤치
55.0,봄웜레이더,잉크
86.0,샛별배송,선정
86.0,샛별배송,가성
86.0,샛별배송,한정
86.0,뷰티템추천,선정
86.0,뷰티템추천,가성
86.0,뷰티템추천,한정
86.0,샛별배송,선정
86.0,샛별배송,가성
86.0,샛별배송,한정
4.0,,왕국
4.0,,상반기
4.0,,강국
3.0,핫딜,사정
3.0,핫딜,명시
3.0,핫딜,한정
3.0,뷰티핫딜,사정
3.0,뷰티핫딜,명시
3.0,뷰티핫딜,한정
3.0,뷰티990원,사정
3.0,뷰티990원,명시
3.0,뷰티990원,한정
3.0,화장품핫딜,사정
3.0,화장품핫딜,명시
3.0,화장품핫딜,한정
3.0,화장품초특가,사정
3.0,화장품초특가,명시
3.0,화장품초특가,한정
3.0,화장품990원,사정
3.0,화장품990원,명시
3.0,화장품990원,한정
3.0,990원딜,사정
3.0,990원딜,명시
3.0,990원딜,한정
3.0,뷰티타임세일,사정
3.0,뷰티타임세일,명시
3.0,뷰티타임세일,한정
9.0,지파시롯데월드몰점,기와집
9.0,지파시롯데월드몰점,달팽이
9.0,지파시롯데월드몰점,냉장고
9.0,혼자여행,기와집
9.0,혼자여행,달팽이
9.0,혼자여행,냉장고
9.0,첨성관,기와집
9.0,첨성관,달팽이
9.0,첨성관,냉장고
9.0,안압지야경,기와집
9.0,안압지야경,달팽이
9.0,안압지야경,냉장고
9.0,지파시롯데월드몰점,기와집
9.0,지파시롯데월드몰점,달팽이
9.0,지파시롯데월드몰점,냉장고
9.0,마데카크림,기와집
9.0,마데카크림,달팽이
9.0,마데카크림,냉장고
9.0,연남동,기와집
9.0,연남동,달팽이
9.0,연남동,냉장고
9.0,기와집순두부,기와집
9.0,기와집순두부,달팽이
9.0,기와집순두부,냉장고
9.0,쉐즈롤,기와집
9.0,쉐즈롤,달팽이
9.0,쉐즈롤,냉장고
9.0,일상,기와집
9.0,일상,달팽이
9.0,일상,냉장고
13.0,뷰티페스타,성공
13.0,뷰티페스타,증정
13.0,뷰티페스타,선착순
3.0,헤라,uv
3.0,헤라,spf
3.0,헤라,클렌징
3.0,톤업,uv
3.0,톤업,spf
3.0,톤업,클렌징
3.0,유브이,uv
3.0,유브이,spf
3.0,유브이,클렌징
3.0,프로텍터,uv
3.0,프로텍터,spf
3.0,프로텍터,클렌징
3.0,마스크팩,uv
3.0,마스크팩,spf
3.0,마스크팩,클렌징
3.0,폼클렌저,uv
3.0,폼클렌저,spf
3.0,폼클렌저,클렌징
3.0,사은품,uv
3.0,사은품,spf
3.0,사은품,클렌징
3.0,HERA,uv
3.0,HERA,spf
3.0,HERA,클렌징
3.0,설화수,uv
3.0,설화수,spf
3.0,설화수,클렌징
3.0,상백크림,uv
3.0,상백크림,spf
3.0,상백크림,클렌징
3.0,세안,uv
3.0,세안,spf
3.0,세안,클렌징
3.0,썬크림,uv
3.0,썬크림,spf
3.0,썬크림,클렌징
3.0,SPF,uv
3.0,SPF,spf
3.0,SPF,클렌징
3.0,40대피부,uv
3.0,40대피부,spf
3.0,40대피부,클렌징
3.0,모공,uv
3.0,모공,spf
3.0,모공,클렌징
3.0,지성,uv
3.0,지성,spf
3.0,지성,클렌징
3.0,건조한피부,uv
3.0,건조한피부,spf
3.0,건조한피부,클렌징
3.0,피부건조,uv
3.0,피부건조,spf
3.0,피부건조,클렌징
3.0,속건조,uv
3.0,속건조,spf
3.0,속건조,클렌징
3.0,톤업크림,uv
3.0,톤업크림,spf
3.0,톤업크림,클렌징
3.0,선크림,uv
3.0,선크림,spf
3.0,선크림,클렌징
2.0,추천템,마트
2.0,추천템,wavlet
2.0,추천템,방울토마토
2.0,콜린스다이닝,마트
2.0,콜린스다이닝,wavlet
2.0,콜린스다이닝,방울토마토
2.0,방울토마토마리네이드,마트
2.0,방울토마토마리네이드,wavlet
2.0,방울토마토마리네이드,방울토마토
2.0,방울토마토절임,마트
2.0,방울토마토절임,wavlet
2.0,방울토마토절임,방울토마토
2.0,1인가구장보기,마트
2.0,1인가구장보기,wavlet
2.0,1인가구장보기,방울토마토
2.0,방울토마토,마트
2.0,방울토마토,wavlet
2.0,방울토마토,방울토마토
2.0,올리브유,마트
2.0,올리브유,wavlet
2.0,올리브유,방울토마토
2.0,바질,마트
2.0,바질,wavlet
2.0,바질,방울토마토
2.0,적양파,마트
2.0,적양파,wavlet
2.0,적양파,방울토마토
2.0,토마토마리네이드,마트
2.0,토마토마리네이드,wavlet
2.0,토마토마리네이드,방울토마토
2.0,토마토절임,마트
2.0,토마토절임,wavlet
2.0,토마토절임,방울토마토
2.0,건강한맛,마트
2.0,건강한맛,wavlet
2.0,건강한맛,방울토마토
2.0,맛있는맛,마트
2.0,맛있는맛,wavlet
2.0,맛있는맛,방울토마토
2.0,취향저격,마트
2.0,취향저격,wavlet
2.0,취향저격,방울토마토
2.0,취저템,마트
2.0,취저템,wavlet
2.0,취저템,방울토마토
2.0,파스타재료,마트
2.0,파스타재료,wavlet
2.0,파스타재료,방울토마토
2.0,샐러드재료,마트
2.0,샐러드재료,wavlet
2.0,샐러드재료,방울토마토
2.0,피클대용,마트
2.0,피클대용,wavlet
2.0,피클대용,방울토마토
2.0,서양음식,마트
2.0,서양음식,wavlet
2.0,서양음식,방울토마토
2.0,풍미,마트
2.0,풍미,wavlet
2.0,풍미,방울토마토
2.0,장마,마트
2.0,장마,wavlet
2.0,장마,방울토마토
2.0,맛있는거,마트
2.0,맛있는거,wavlet
2.0,맛있는거,방울토마토
2.0,소확행,마트
2.0,소확행,wavlet
2.0,소확행,방울토마토
2.0,내돈내산,마트
2.0,내돈내산,wavlet
2.0,내돈내산,방울토마토
2.0,내돈내산후기,마트
2.0,내돈내산후기,wavlet
2.0,내돈내산후기,방울토마토
18.0,안다로미네앱테크,추천
18.0,안다로미네앱테크,선착순
18.0,안다로미네앱테크,전용
18.0,캐시워크,추천
18.0,캐시워크,선착순
18.0,캐시워크,전용
18.0,돈버는퀴즈,추천
18.0,돈버는퀴즈,선착순
18.0,돈버는퀴즈,전용
18.0,캐시워크정답,추천
18.0,캐시워크정답,선착순
18.0,캐시워크정답,전용
18.0,안다로미네캐시워크,추천
18.0,안다로미네캐시워크,선착순
18.0,안다로미네캐시워크,전용
18.0,앱테크추천,추천
18.0,앱테크추천,선착순
18.0,앱테크추천,전용
18.0,안다로미네앱테크,추천
18.0,안다로미네앱테크,선착순
18.0,안다로미네앱테크,전용
18.0,안다로미네,추천
18.0,안다로미네,선착순
18.0,안다로미네,전용
18.0,캐시워크,추천
18.0,캐시워크,선착순
18.0,캐시워크,전용
18.0,돈버는퀴즈,추천
18.0,돈버는퀴즈,선착순
18.0,돈버는퀴즈,전용
18.0,캐시워크정답,추천
18.0,캐시워크정답,선착순
18.0,캐시워크정답,전용
18.0,안다로미네캐시워크,추천
18.0,안다로미네캐시워크,선착순
18.0,안다로미네캐시워크,전용
18.0,앱테크추천,추천
18.0,앱테크추천,선착순
18.0,앱테크추천,전용
18.0,만보기포인트어플,추천
18.0,만보기포인트어플,선착순
18.0,만보기포인트어플,전용
18.0,캐시워크친구추천,추천
18.0,캐시워크친구추천,선착순
18.0,캐시워크친구추천,전용
18.0,포인트모으기,추천
18.0,포인트모으기,선착순
18.0,포인트모으기,전용
18.0,안다로미네앱테크,추천
18.0,안다로미네앱테크,선착순
18.0,안다로미네앱테크,전용
18.0,캐시워크,추천
18.0,캐시워크,선착순
18.0,캐시워크,전용
18.0,돈버는퀴즈,추천
18.0,돈버는퀴즈,선착순
18.0,돈버는퀴즈,전용
18.0,캐시워크정답,추천
18.0,캐시워크정답,선착순
18.0,캐시워크정답,전용
18.0,안다로미네캐시워크,추천
18.0,안다로미네캐시워크,선착순
18.0,안다로미네캐시워크,전용
18.0,앱테크추천,추천
18.0,앱테크추천,선착순
18.0,앱테크추천,전용
18.0,안다로미네앱테크,추천
18.0,안다로미네앱테크,선착순
18.0,안다로미네앱테크,전용
18.0,안다로미네,추천
18.0,안다로미네,선착순
18.0,안다로미네,전용
18.0,캐시워크,추천
18.0,캐시워크,선착순
18.0,캐시워크,전용
18.0,돈버는퀴즈,추천
18.0,돈버는퀴즈,선착순
18.0,돈버는퀴즈,전용
18.0,캐시워크정답,추천
18.0,캐시워크정답,선착순
18.0,캐시워크정답,전용
18.0,안다로미네캐시워크,추천
18.0,안다로미네캐시워크,선착순
18.0,안다로미네캐시워크,전용
18.0,앱테크추천,추천
18.0,앱테크추천,선착순
18.0,앱테크추천,전용
18.0,만보기포인트어플,추천
18.0,만보기포인트어플,선착순
18.0,만보기포인트어플,전용
18.0,캐시워크친구추천,추천
18.0,캐시워크친구추천,선착순
18.0,캐시워크친구추천,전용
18.0,포인트모으기,추천
18.0,포인트모으기,선착순
18.0,포인트모으기,전용
18.0,안다로미네앱테크,추천
18.0,안다로미네앱테크,선착순
18.0,안다로미네앱테크,전용
18.0,캐시워크,추천
18.0,캐시워크,선착순
18.0,캐시워크,전용
18.0,돈버는퀴즈,추천
18.0,돈버는퀴즈,선착순
18.0,돈버는퀴즈,전용
18.0,캐시워크정답,추천
18.0,캐시워크정답,선착순
18.0,캐시워크정답,전용
18.0,안다로미네캐시워크,추천
18.0,안다로미네캐시워크,선착순
18.0,안다로미네캐시워크,전용
18.0,앱테크추천,추천
18.0,앱테크추천,선착순
18.0,앱테크추천,전용
18.0,안다로미네앱테크,추천
18.0,안다로미네앱테크,선착순
18.0,안다로미네앱테크,전용
18.0,안다로미네,추천
18.0,안다로미네,선착순
18.0,안다로미네,전용
18.0,캐시워크,추천
18.0,캐시워크,선착순
18.0,캐시워크,전용
18.0,돈버는퀴즈,추천
18.0,돈버는퀴즈,선착순
18.0,돈버는퀴즈,전용
18.0,캐시워크정답,추천
18.0,캐시워크정답,선착순
18.0,캐시워크정답,전용
18.0,안다로미네캐시워크,추천
18.0,안다로미네캐시워크,선착순
18.0,안다로미네캐시워크,전용
18.0,앱테크추천,추천
18.0,앱테크추천,선착순
18.0,앱테크추천,전용
18.0,만보기포인트어플,추천
18.0,만보기포인트어플,선착순
18.0,만보기포인트어플,전용
18.0,캐시워크친구추천,추천
18.0,캐시워크친구추천,선착순
18.0,캐시워크친구추천,전용
18.0,포인트모으기,추천
18.0,포인트모으기,선착순
18.0,포인트모으기,전용
18.0,안다로미네앱테크,추천
18.0,안다로미네앱테크,선착순
18.0,안다로미네앱테크,전용
18.0,캐시워크,추천
18.0,캐시워크,선착순
18.0,캐시워크,전용
18.0,돈버는퀴즈,추천
18.0,돈버는퀴즈,선착순
18.0,돈버는퀴즈,전용
18.0,캐시워크정답,추천
18.0,캐시워크정답,선착순
18.0,캐시워크정답,전용
18.0,안다로미네캐시워크,추천
18.0,안다로미네캐시워크,선착순
18.0,안다로미네캐시워크,전용
18.0,앱테크추천,추천
18.0,앱테크추천,선착순
18.0,앱테크추천,전용
18.0,안다로미네앱테크,추천
18.0,안다로미네앱테크,선착순
18.0,안다로미네앱테크,전용
18.0,안다로미네,추천
18.0,안다로미네,선착순
18.0,안다로미네,전용
18.0,캐시워크,추천
18.0,캐시워크,선착순
18.0,캐시워크,전용
18.0,돈버는퀴즈,추천
18.0,돈버는퀴즈,선착순
18.0,돈버는퀴즈,전용
18.0,캐시워크정답,추천
18.0,캐시워크정답,선착순
18.0,캐시워크정답,전용
18.0,안다로미네캐시워크,추천
18.0,안다로미네캐시워크,선착순
18.0,안다로미네캐시워크,전용
18.0,앱테크추천,추천
18.0,앱테크추천,선착순
18.0,앱테크추천,전용
18.0,만보기포인트어플,추천
18.0,만보기포인트어플,선착순
18.0,만보기포인트어플,전용
18.0,캐시워크친구추천,추천
18.0,캐시워크친구추천,선착순
18.0,캐시워크친구추천,전용
18.0,포인트모으기,추천
18.0,포인트모으기,선착순
18.0,포인트모으기,전용
18.0,안다로미네앱테크,추천
18.0,안다로미네앱테크,선착순
18.0,안다로미네앱테크,전용
18.0,캐시워크,추천
18.0,캐시워크,선착순
18.0,캐시워크,전용
18.0,돈버는퀴즈,추천
18.0,돈버는퀴즈,선착순
18.0,돈버는퀴즈,전용
18.0,캐시워크정답,추천
18.0,캐시워크정답,선착순
18.0,캐시워크정답,전용
18.0,안다로미네캐시워크,추천
18.0,안다로미네캐시워크,선착순
18.0,안다로미네캐시워크,전용
18.0,앱테크추천,추천
18.0,앱테크추천,선착순
18.0,앱테크추천,전용
18.0,안다로미네앱테크,추천
18.0,안다로미네앱테크,선착순
18.0,안다로미네앱테크,전용
18.0,안다로미네,추천
18.0,안다로미네,선착순
18.0,안다로미네,전용
18.0,캐시워크,추천
18.0,캐시워크,선착순
18.0,캐시워크,전용
18.0,돈버는퀴즈,추천
18.0,돈버는퀴즈,선착순
18.0,돈버는퀴즈,전용
18.0,캐시워크정답,추천
18.0,캐시워크정답,선착순
18.0,캐시워크정답,전용
18.0,안다로미네캐시워크,추천
18.0,안다로미네캐시워크,선착순
18.0,안다로미네캐시워크,전용
18.0,앱테크추천,추천
18.0,앱테크추천,선착순
18.0,앱테크추천,전용
18.0,만보기포인트어플,추천
18.0,만보기포인트어플,선착순
18.0,만보기포인트어플,전용
18.0,캐시워크친구추천,추천
18.0,캐시워크친구추천,선착순
18.0,캐시워크친구추천,전용
18.0,포인트모으기,추천
18.0,포인트모으기,선착순
18.0,포인트모으기,전용
18.0,안다로미네앱테크,추천
18.0,안다로미네앱테크,선착순
18.0,안다로미네앱테크,전용
18.0,캐시워크,추천
18.0,캐시워크,선착순
18.0,캐시워크,전용
18.0,돈버는퀴즈,추천
18.0,돈버는퀴즈,선착순
18.0,돈버는퀴즈,전용
18.0,캐시워크정답,추천
18.0,캐시워크정답,선착순
18.0,캐시워크정답,전용
18.0,안다로미네캐시워크,추천
18.0,안다로미네캐시워크,선착순
18.0,안다로미네캐시워크,전용
18.0,앱테크추천,추천
18.0,앱테크추천,선착순
18.0,앱테크추천,전용
18.0,안다로미네앱테크,추천
18.0,안다로미네앱테크,선착순
18.0,안다로미네앱테크,전용
18.0,안다로미네,추천
18.0,안다로미네,선착순
18.0,안다로미네,전용
18.0,캐시워크,추천
18.0,캐시워크,선착순
18.0,캐시워크,전용
18.0,돈버는퀴즈,추천
18.0,돈버는퀴즈,선착순
18.0,돈버는퀴즈,전용
18.0,캐시워크정답,추천
18.0,캐시워크정답,선착순
18.0,캐시워크정답,전용
18.0,안다로미네캐시워크,추천
18.0,안다로미네캐시워크,선착순
18.0,안다로미네캐시워크,전용
18.0,앱테크추천,추천
18.0,앱테크추천,선착순
18.0,앱테크추천,전용
18.0,만보기포인트어플,추천
18.0,만보기포인트어플,선착순
18.0,만보기포인트어플,전용
18.0,캐시워크친구추천,추천
18.0,캐시워크친구추천,선착순
18.0,캐시워크친구추천,전용
18.0,포인트모으기,추천
18.0,포인트모으기,선착순
18.0,포인트모으기,전용
0.0,메디픽미캐시워크,홍대입구역
0.0,메디픽미캐시워크,메디픽미
0.0,메디픽미캐시워크,톡메디픽미
0.0,메디픽미캐시정답,홍대입구역
0.0,메디픽미캐시정답,메디픽미
0.0,메디픽미캐시정답,톡메디픽미
0.0,메디픽미네일세럼,홍대입구역
0.0,메디픽미네일세럼,메디픽미
0.0,메디픽미네일세럼,톡메디픽미
0.0,메디픽미세이프픽미라클네일세럼캐시,홍대입구역
0.0,메디픽미세이프픽미라클네일세럼캐시,메디픽미
0.0,메디픽미세이프픽미라클네일세럼캐시,톡메디픽미
0.0,메디픽미세이프픽미라클네일세럼캐시워크,홍대입구역
0.0,메디픽미세이프픽미라클네일세럼캐시워크,메디픽미
0.0,메디픽미세이프픽미라클네일세럼캐시워크,톡메디픽미
0.0,버블톱네일세럼,홍대입구역
0.0,버블톱네일세럼,메디픽미
0.0,버블톱네일세럼,톡메디픽미
0.0,버블톱네일세럼캐시워크,홍대입구역
0.0,버블톱네일세럼캐시워크,메디픽미
0.0,버블톱네일세럼캐시워크,톡메디픽미
0.0,팬마음트롯스타캐시,홍대입구역
0.0,팬마음트롯스타캐시,메디픽미
0.0,팬마음트롯스타캐시,톡메디픽미
0.0,팬마음트롯스타캐시워크,홍대입구역
0.0,팬마음트롯스타캐시워크,메디픽미
0.0,팬마음트롯스타캐시워크,톡메디픽미
0.0,캐시워크팬마음트롯스타,홍대입구역
0.0,캐시워크팬마음트롯스타,메디픽미
0.0,캐시워크팬마음트롯스타,톡메디픽미
0.0,팬마음트롯스타캐시정답,홍대입구역
0.0,팬마음트롯스타캐시정답,메디픽미
0.0,팬마음트롯스타캐시정답,톡메디픽미
0.0,프롬바이오17주년,홍대입구역
0.0,프롬바이오17주년,메디픽미
0.0,프롬바이오17주년,톡메디픽미
0.0,프롬바이오17주년캐시,홍대입구역
0.0,프롬바이오17주년캐시,메디픽미
0.0,프롬바이오17주년캐시,톡메디픽미
0.0,프롬바이오캐시워크,홍대입구역
0.0,프롬바이오캐시워크,메디픽미
0.0,프롬바이오캐시워크,톡메디픽미
0.0,캐시워크,성공
0.0,캐시워크,증정
0.0,캐시워크,선착순
0.0,캐시워크,성공
0.0,캐시워크,증정
0.0,캐시워크,선착순
0.0,돈버는퀴즈,성공
0.0,돈버는퀴즈,증정
0.0,돈버는퀴즈,선착순
0.0,6월21일,성공
0.0,6월21일,증정
0.0,6월21일,선착순
0.0,,제주항공
0.0,,정답
0.0,,생일
1.0,퀴즈,쿠션
1.0,퀴즈,유용
1.0,정답,쿠션
1.0,정답,유용
1.0,오늘의퀴즈,쿠션
1.0,오늘의퀴즈,유용
1.0,그냥웃지요,쿠션
1.0,그냥웃지요,유용
1.0,유용한정보,쿠션
1.0,유용한정보,유용
1.0,캐시워크,쿠션
1.0,캐시워크,유용
1.0,돈버는퀴즈,쿠션
1.0,돈버는퀴즈,유용
1.0,설화수,쿠션
1.0,설화수,유용
1.0,쿠션,쿠션
1.0,쿠션,유용
2.0,앱테크,설치
2.0,앱테크,기프티콘
2.0,앱테크,럭셔리
2.0,캐시워크,설치
2.0,캐시워크,기프티콘
2.0,캐시워크,럭셔리
2.0,지니어트,설치
2.0,지니어트,기프티콘
2.0,지니어트,럭셔리
2.0,타임스프레드,설치
2.0,타임스프레드,기프티콘
2.0,타임스프레드,럭셔리
2.0,캐시닥퀴즈,설치
2.0,캐시닥퀴즈,기프티콘
2.0,캐시닥퀴즈,럭셔리
2.0,지니어트퀴즈,설치
2.0,지니어트퀴즈,기프티콘
2.0,지니어트퀴즈,럭셔리
2.0,앱테크,설치
2.0,앱테크,기프티콘
2.0,앱테크,럭셔리
2.0,캐시닥,설치
2.0,캐시닥,기프티콘
2.0,캐시닥,럭셔리
2.0,캐시닥추천인,설치
2.0,캐시닥추천인,기프티콘
2.0,캐시닥추천인,럭셔리
2.0,캐시워크,설치
2.0,캐시워크,기프티콘
2.0,캐시워크,럭셔리
2.0,캐시워크추천인,설치
2.0,캐시워크추천인,기프티콘
2.0,캐시워크추천인,럭셔리
2.0,지니어트,설치
2.0,지니어트,기프티콘
2.0,지니어트,럭셔리
2.0,지니어트추천인,설치
2.0,지니어트추천인,기프티콘
2.0,지니어트추천인,럭셔리
2.0,타임스프레드,설치
2.0,타임스프레드,기프티콘
2.0,타임스프레드,럭셔리
2.0,타임스프레드추천인,설치
2.0,타임스프레드추천인,기프티콘
2.0,타임스프레드추천인,럭셔리
2.0,캐시닥퀴즈,설치
2.0,캐시닥퀴즈,기프티콘
2.0,캐시닥퀴즈,럭셔리
2.0,캐시워크퀴즈,설치
2.0,캐시워크퀴즈,기프티콘
2.0,캐시워크퀴즈,럭셔리
2.0,지니어트퀴즈,설치
2.0,지니어트퀴즈,기프티콘
2.0,지니어트퀴즈,럭셔리
2.0,타임스프레드퀴즈정답,설치
2.0,타임스프레드퀴즈정답,기프티콘
2.0,타임스프레드퀴즈정답,럭셔리
4.0,,캐시정답
4.0,,메디픽미
4.0,,선생
11.0,캐시워크,성공
11.0,캐시워크,선착순
11.0,캐시워크,증정
11.0,캐시워크돈버는퀴즈,성공
11.0,캐시워크돈버는퀴즈,선착순
11.0,캐시워크돈버는퀴즈,증정
11.0,캐시워크정답,성공
11.0,캐시워크정답,선착순
11.0,캐시워크정답,증정
11.0,캐시워크정답모음,성공
11.0,캐시워크정답모음,선착순
11.0,캐시워크정답모음,증정
11.0,캐시워크쿠폰,성공
11.0,캐시워크쿠폰,선착순
11.0,캐시워크쿠폰,증정
11.0,캐시워크추천인,성공
11.0,캐시워크추천인,선착순
11.0,캐시워크추천인,증정
11.0,캐시워크추천코드,성공
11.0,캐시워크추천코드,선착순
11.0,캐시워크추천코드,증정
11.0,돈버는퀴즈,성공
11.0,돈버는퀴즈,선착순
11.0,돈버는퀴즈,증정
11.0,캐시워크오후정답모음,성공
11.0,캐시워크오후정답모음,선착순
11.0,캐시워크오후정답모음,증정
11.0,0621시워크,성공
11.0,0621시워크,선착순
11.0,0621시워크,증정
11.0,6월21일캐시워크,성공
11.0,6월21일캐시워크,선착순
11.0,6월21일캐시워크,증정
11.0,캐시워크,성공
11.0,캐시워크,선착순
11.0,캐시워크,증정
11.0,캐시워크돈버는퀴즈,성공
11.0,캐시워크돈버는퀴즈,선착순
11.0,캐시워크돈버는퀴즈,증정
11.0,캐시워크정답,성공
11.0,캐시워크정답,선착순
11.0,캐시워크정답,증정
11.0,캐시워크정답모음,성공
11.0,캐시워크정답모음,선착순
11.0,캐시워크정답모음,증정
11.0,캐시워크쿠폰,성공
11.0,캐시워크쿠폰,선착순
11.0,캐시워크쿠폰,증정
11.0,캐시워크추천인,성공
11.0,캐시워크추천인,선착순
11.0,캐시워크추천인,증정
11.0,캐시워크추천코드,성공
11.0,캐시워크추천코드,선착순
11.0,캐시워크추천코드,증정
11.0,돈버는퀴즈,성공
11.0,돈버는퀴즈,선착순
11.0,돈버는퀴즈,증정
11.0,캐시워크오후정답모음,성공
11.0,캐시워크오후정답모음,선착순
11.0,캐시워크오후정답모음,증정
11.0,0621시워크,성공
11.0,0621시워크,선착순
11.0,0621시워크,증정
11.0,6월21일캐시워크,성공
11.0,6월21일캐시워크,선착순
11.0,6월21일캐시워크,증정
11.0,캐시워크,성공
11.0,캐시워크,선착순
11.0,캐시워크,증정
11.0,캐시워크돈버는퀴즈,성공
11.0,캐시워크돈버는퀴즈,선착순
11.0,캐시워크돈버는퀴즈,증정
11.0,캐시워크정답,성공
11.0,캐시워크정답,선착순
11.0,캐시워크정답,증정
11.0,캐시워크정답모음,성공
11.0,캐시워크정답모음,선착순
11.0,캐시워크정답모음,증정
11.0,캐시워크쿠폰,성공
11.0,캐시워크쿠폰,선착순
11.0,캐시워크쿠폰,증정
11.0,캐시워크추천인,성공
11.0,캐시워크추천인,선착순
11.0,캐시워크추천인,증정
11.0,캐시워크추천코드,성공
11.0,캐시워크추천코드,선착순
11.0,캐시워크추천코드,증정
11.0,돈버는퀴즈,성공
11.0,돈버는퀴즈,선착순
11.0,돈버는퀴즈,증정
11.0,캐시워크오후정답모음,성공
11.0,캐시워크오후정답모음,선착순
11.0,캐시워크오후정답모음,증정
11.0,0621시워크,성공
11.0,0621시워크,선착순
11.0,0621시워크,증정
11.0,6월21일캐시워크,성공
11.0,6월21일캐시워크,선착순
11.0,6월21일캐시워크,증정
11.0,캐시워크,성공
11.0,캐시워크,선착순
11.0,캐시워크,증정
11.0,캐시워크돈버는퀴즈,성공
11.0,캐시워크돈버는퀴즈,선착순
11.0,캐시워크돈버는퀴즈,증정
11.0,캐시워크정답,성공
11.0,캐시워크정답,선착순
11.0,캐시워크정답,증정
11.0,캐시워크정답모음,성공
11.0,캐시워크정답모음,선착순
11.0,캐시워크정답모음,증정
11.0,캐시워크쿠폰,성공
11.0,캐시워크쿠폰,선착순
11.0,캐시워크쿠폰,증정
11.0,캐시워크추천인,성공
11.0,캐시워크추천인,선착순
11.0,캐시워크추천인,증정
11.0,캐시워크추천코드,성공
11.0,캐시워크추천코드,선착순
11.0,캐시워크추천코드,증정
11.0,돈버는퀴즈,성공
11.0,돈버는퀴즈,선착순
11.0,돈버는퀴즈,증정
11.0,캐시워크오후정답모음,성공
11.0,캐시워크오후정답모음,선착순
11.0,캐시워크오후정답모음,증정
11.0,0621시워크,성공
11.0,0621시워크,선착순
11.0,0621시워크,증정
11.0,6월21일캐시워크,성공
11.0,6월21일캐시워크,선착순
11.0,6월21일캐시워크,증정
11.0,캐시워크,성공
11.0,캐시워크,선착순
11.0,캐시워크,증정
11.0,캐시워크돈버는퀴즈,성공
11.0,캐시워크돈버는퀴즈,선착순
11.0,캐시워크돈버는퀴즈,증정
11.0,캐시워크정답,성공
11.0,캐시워크정답,선착순
11.0,캐시워크정답,증정
11.0,캐시워크정답모음,성공
11.0,캐시워크정답모음,선착순
11.0,캐시워크정답모음,증정
11.0,캐시워크쿠폰,성공
11.0,캐시워크쿠폰,선착순
11.0,캐시워크쿠폰,증정
11.0,캐시워크추천인,성공
11.0,캐시워크추천인,선착순
11.0,캐시워크추천인,증정
11.0,캐시워크추천코드,성공
11.0,캐시워크추천코드,선착순
11.0,캐시워크추천코드,증정
11.0,돈버는퀴즈,성공
11.0,돈버는퀴즈,선착순
11.0,돈버는퀴즈,증정
11.0,캐시워크오후정답모음,성공
11.0,캐시워크오후정답모음,선착순
11.0,캐시워크오후정답모음,증정
11.0,0621시워크,성공
11.0,0621시워크,선착순
11.0,0621시워크,증정
11.0,6월21일캐시워크,성공
11.0,6월21일캐시워크,선착순
11.0,6월21일캐시워크,증정
11.0,캐시워크,성공
11.0,캐시워크,선착순
11.0,캐시워크,증정
11.0,캐시워크돈버는퀴즈,성공
11.0,캐시워크돈버는퀴즈,선착순
11.0,캐시워크돈버는퀴즈,증정
11.0,캐시워크정답,성공
11.0,캐시워크정답,선착순
11.0,캐시워크정답,증정
11.0,캐시워크정답모음,성공
11.0,캐시워크정답모음,선착순
11.0,캐시워크정답모음,증정
11.0,캐시워크쿠폰,성공
11.0,캐시워크쿠폰,선착순
11.0,캐시워크쿠폰,증정
11.0,캐시워크추천인,성공
11.0,캐시워크추천인,선착순
11.0,캐시워크추천인,증정
11.0,캐시워크추천코드,성공
11.0,캐시워크추천코드,선착순
11.0,캐시워크추천코드,증정
11.0,돈버는퀴즈,성공
11.0,돈버는퀴즈,선착순
11.0,돈버는퀴즈,증정
11.0,캐시워크오후정답모음,성공
11.0,캐시워크오후정답모음,선착순
11.0,캐시워크오후정답모음,증정
11.0,0621시워크,성공
11.0,0621시워크,선착순
11.0,0621시워크,증정
11.0,6월21일캐시워크,성공
11.0,6월21일캐시워크,선착순
11.0,6월21일캐시워크,증정
11.0,캐시워크,성공
11.0,캐시워크,선착순
11.0,캐시워크,증정
11.0,캐시워크돈버는퀴즈,성공
11.0,캐시워크돈버는퀴즈,선착순
11.0,캐시워크돈버는퀴즈,증정
11.0,캐시워크정답,성공
11.0,캐시워크정답,선착순
11.0,캐시워크정답,증정
11.0,캐시워크정답모음,성공
11.0,캐시워크정답모음,선착순
11.0,캐시워크정답모음,증정
11.0,캐시워크쿠폰,성공
11.0,캐시워크쿠폰,선착순
11.0,캐시워크쿠폰,증정
11.0,캐시워크추천인,성공
11.0,캐시워크추천인,선착순
11.0,캐시워크추천인,증정
11.0,캐시워크추천코드,성공
11.0,캐시워크추천코드,선착순
11.0,캐시워크추천코드,증정
11.0,돈버는퀴즈,성공
11.0,돈버는퀴즈,선착순
11.0,돈버는퀴즈,증정
11.0,캐시워크오후정답모음,성공
11.0,캐시워크오후정답모음,선착순
11.0,캐시워크오후정답모음,증정
11.0,0621시워크,성공
11.0,0621시워크,선착순
11.0,0621시워크,증정
11.0,6월21일캐시워크,성공
11.0,6월21일캐시워크,선착순
11.0,6월21일캐시워크,증정
11.0,캐시워크,성공
11.0,캐시워크,선착순
11.0,캐시워크,증정
11.0,캐시워크돈버는퀴즈,성공
11.0,캐시워크돈버는퀴즈,선착순
11.0,캐시워크돈버는퀴즈,증정
11.0,캐시워크정답,성공
11.0,캐시워크정답,선착순
11.0,캐시워크정답,증정
11.0,캐시워크정답모음,성공
11.0,캐시워크정답모음,선착순
11.0,캐시워크정답모음,증정
11.0,캐시워크쿠폰,성공
11.0,캐시워크쿠폰,선착순
11.0,캐시워크쿠폰,증정
11.0,캐시워크추천인,성공
11.0,캐시워크추천인,선착순
11.0,캐시워크추천인,증정
11.0,캐시워크추천코드,성공
11.0,캐시워크추천코드,선착순
11.0,캐시워크추천코드,증정
11.0,돈버는퀴즈,성공
11.0,돈버는퀴즈,선착순
11.0,돈버는퀴즈,증정
11.0,캐시워크오후정답모음,성공
11.0,캐시워크오후정답모음,선착순
11.0,캐시워크오후정답모음,증정
11.0,0621시워크,성공
11.0,0621시워크,선착순
11.0,0621시워크,증정
11.0,6월21일캐시워크,성공
11.0,6월21일캐시워크,선착순
11.0,6월21일캐시워크,증정
11.0,캐시워크,성공
11.0,캐시워크,선착순
11.0,캐시워크,증정
11.0,캐시워크돈버는퀴즈,성공
11.0,캐시워크돈버는퀴즈,선착순
11.0,캐시워크돈버는퀴즈,증정
11.0,캐시워크정답,성공
11.0,캐시워크정답,선착순
11.0,캐시워크정답,증정
11.0,캐시워크정답모음,성공
11.0,캐시워크정답모음,선착순
11.0,캐시워크정답모음,증정
11.0,캐시워크쿠폰,성공
11.0,캐시워크쿠폰,선착순
11.0,캐시워크쿠폰,증정
11.0,캐시워크추천인,성공
11.0,캐시워크추천인,선착순
11.0,캐시워크추천인,증정
11.0,캐시워크추천코드,성공
11.0,캐시워크추천코드,선착순
11.0,캐시워크추천코드,증정
11.0,돈버는퀴즈,성공
11.0,돈버는퀴즈,선착순
11.0,돈버는퀴즈,증정
11.0,캐시워크오후정답모음,성공
11.0,캐시워크오후정답모음,선착순
11.0,캐시워크오후정답모음,증정
11.0,0621시워크,성공
11.0,0621시워크,선착순
11.0,0621시워크,증정
11.0,6월21일캐시워크,성공
11.0,6월21일캐시워크,선착순
11.0,6월21일캐시워크,증정
0.0,캐시워크,선착순
0.0,캐시워크,캐시
0.0,캐시워크,진행
0.0,캐시워크,선착순
0.0,캐시워크,캐시
0.0,캐시워크,진행
0.0,캐시,선착순
0.0,캐시,캐시
0.0,캐시,진행
0.0,돈버는퀴즈,선착순
0.0,돈버는퀴즈,캐시
0.0,돈버는퀴즈,진행
0.0,설화수,선착순
0.0,설화수,캐시
0.0,설화수,진행
0.0,,어성초
0.0,,콤팩트
0.0,,성공
0.0,,캐시워
0.0,,쿠폰
0.0,캐시워크,선착순
0.0,캐시워크,앱태
0.0,캐시워크,여기저기
0.0,캐시워크,선착순
0.0,캐시워크,앱태
0.0,캐시워크,여기저기
0.0,캐시워크퀴즈,선착순
0.0,캐시워크퀴즈,앱태
0.0,캐시워크퀴즈,여기저기
0.0,캐시워크돈버는퀴즈,선착순
0.0,캐시워크돈버는퀴즈,앱태
0.0,캐시워크돈버는퀴즈,여기저기
0.0,캐시워크돈버는퀴즈정답,선착순
0.0,캐시워크돈버는퀴즈정답,앱태
0.0,캐시워크돈버는퀴즈정답,여기저기
0.0,돈버는퀴즈,선착순
0.0,돈버는퀴즈,앱태
0.0,돈버는퀴즈,여기저기
0.0,앱태크,선착순
0.0,앱태크,앱태
0.0,앱태크,여기저기
0.0,캐시닥,선착순
0.0,캐시닥,앱태
0.0,캐시닥,여기저기
0.0,오퀴즈,선착순
0.0,오퀴즈,앱태
0.0,오퀴즈,여기저기
4.0,프롬바이오캐시,캐시정답
4.0,프롬바이오캐시,어성초
4.0,프롬바이오캐시,메디픽미
4.0,팬마음캐시,캐시정답
4.0,팬마음캐시,어성초
4.0,팬마음캐시,메디픽미
4.0,메디픽미캐시,캐시정답
4.0,메디픽미캐시,어성초
4.0,메디픽미캐시,메디픽미
4.0,레프제로캐시,캐시정답
4.0,레프제로캐시,어성초
4.0,레프제로캐시,메디픽미
4.0,신한마이카캐시,캐시정답
4.0,신한마이카캐시,어성초
4.0,신한마이카캐시,메디픽미
4.0,뮤즈마크캐시,캐시정답
4.0,뮤즈마크캐시,어성초
4.0,뮤즈마크캐시,메디픽미
4.0,성분에디터캐시,캐시정답
4.0,성분에디터캐시,어성초
4.0,성분에디터캐시,메디픽미
4.0,픽스캐시,캐시정답
4.0,픽스캐시,어성초
4.0,픽스캐시,메디픽미
4.0,메디픽미캐시,캐시정답
4.0,메디픽미캐시,어성초
4.0,메디픽미캐시,메디픽미
4.0,앱스토리몰캐시,캐시정답
4.0,앱스토리몰캐시,어성초
4.0,앱스토리몰캐시,메디픽미
4.0,신한마이카캐시,캐시정답
4.0,신한마이카캐시,어성초
4.0,신한마이카캐시,메디픽미
4.0,성분에디터캐시,캐시정답
4.0,성분에디터캐시,어성초
4.0,성분에디터캐시,메디픽미
0.0,캐시워크,선착순
0.0,캐시워크,적립
0.0,캐시워크,입력
0.0,캐시워크퀴즈,선착순
0.0,캐시워크퀴즈,적립
0.0,캐시워크퀴즈,입력
0.0,캐시워크추천코드,선착순
0.0,캐시워크추천코드,적립
0.0,캐시워크추천코드,입력
0.0,돈버는퀴즈,선착순
0.0,돈버는퀴즈,적립
0.0,돈버는퀴즈,입력
0.0,캐시워크돈버는퀴즈,선착순
0.0,캐시워크돈버는퀴즈,적립
0.0,캐시워크돈버는퀴즈,입력
0.0,캐시워크돈버는퀴즈정답,선착순
0.0,캐시워크돈버는퀴즈정답,적립
0.0,캐시워크돈버는퀴즈정답,입력
0.0,캐시워크6월21일,선착순
0.0,캐시워크6월21일,적립
0.0,캐시워크6월21일,입력
0.0,돈버는퀴즈6월21일,선착순
0.0,돈버는퀴즈6월21일,적립
0.0,돈버는퀴즈6월21일,입력
0.0,6월21일캐시워크,선착순
0.0,6월21일캐시워크,적립
0.0,6월21일캐시워크,입력
0.0,6월21일돈버는퀴즈,선착순
0.0,6월21일돈버는퀴즈,적립
0.0,6월21일돈버는퀴즈,입력
0.0,초성퀴즈,선착순
0.0,초성퀴즈,적립
0.0,초성퀴즈,입력
0.0,앱테크,선착순
0.0,앱테크,적립
0.0,앱테크,입력
0.0,캐시워크,선착순
0.0,캐시워크,적립
0.0,캐시워크,입력
0.0,캐시워크퀴즈,선착순
0.0,캐시워크퀴즈,적립
0.0,캐시워크퀴즈,입력
0.0,캐시워크추천코드,선착순
0.0,캐시워크추천코드,적립
0.0,캐시워크추천코드,입력
0.0,돈버는퀴즈,선착순
0.0,돈버는퀴즈,적립
0.0,돈버는퀴즈,입력
0.0,캐시워크돈버는퀴즈,선착순
0.0,캐시워크돈버는퀴즈,적립
0.0,캐시워크돈버는퀴즈,입력
0.0,캐시워크돈버는퀴즈정답,선착순
0.0,캐시워크돈버는퀴즈정답,적립
0.0,캐시워크돈버는퀴즈정답,입력
0.0,캐시워크6월21일,선착순
0.0,캐시워크6월21일,적립
0.0,캐시워크6월21일,입력
0.0,돈버는퀴즈6월21일,선착순
0.0,돈버는퀴즈6월21일,적립
0.0,돈버는퀴즈6월21일,입력
0.0,6월21일캐시워크,선착순
0.0,6월21일캐시워크,적립
0.0,6월21일캐시워크,입력
0.0,6월21일돈버는퀴즈,선착순
0.0,6월21일돈버는퀴즈,적립
0.0,6월21일돈버는퀴즈,입력
0.0,초성퀴즈,선착순
0.0,초성퀴즈,적립
0.0,초성퀴즈,입력
0.0,앱테크,선착순
0.0,앱테크,적립
0.0,앱테크,입력
0.0,돈버는퀴즈캐시워크,캐시워
0.0,돈버는퀴즈캐시워크,캐시
0.0,캐시닥,캐시워
0.0,캐시닥,캐시
2.0,인기브랜드00000_캐시워크퀴즈,캐시
2.0,인기브랜드00000_캐시워크퀴즈,명시
2.0,00000상품_캐시워크퀴즈,캐시
2.0,00000상품_캐시워크퀴즈,명시
2.0,슈퍼0000상품_캐시워크퀴즈,캐시
2.0,슈퍼0000상품_캐시워크퀴즈,명시
2.0,인기브랜드00000_캐시워크퀴즈,캐시
2.0,인기브랜드00000_캐시워크퀴즈,명시
2.0,00000상품_캐시워크퀴즈,캐시
2.0,00000상품_캐시워크퀴즈,명시
2.0,000쿠폰_캐시워크퀴즈,캐시
2.0,000쿠폰_캐시워크퀴즈,명시
2.0,스테디셀러000_캐시워크퀴즈,캐시
2.0,스테디셀러000_캐시워크퀴즈,명시
2.0,0000콤보상품_캐시워크퀴즈,캐시
2.0,0000콤보상품_캐시워크퀴즈,명시
2.0,오전00시_캐시워크퀴즈,캐시
2.0,오전00시_캐시워크퀴즈,명시
2.0,000상품_캐시워크퀴즈,캐시
2.0,000상품_캐시워크퀴즈,명시
0.0,신한플러스,nabi
0.0,신한플러스,성공
0.0,신한플러스,적립
0.0,OK캐시백,nabi
0.0,OK캐시백,성공
0.0,OK캐시백,적립
0.0,신한플러스,nabi
0.0,신한플러스,성공
0.0,신한플러스,적립
0.0,신한퀴즈,nabi
0.0,신한퀴즈,성공
0.0,신한퀴즈,적립
0.0,with,nabi
0.0,with,성공
0.0,with,적립
0.0,위드,nabi
0.0,위드,성공
0.0,위드,적립
0.0,OX퀴즈,nabi
0.0,OX퀴즈,성공
0.0,OX퀴즈,적립
0.0,캐시워크,nabi
0.0,캐시워크,성공
0.0,캐시워크,적립
0.0,돈버는퀴즈,nabi
0.0,돈버는퀴즈,성공
0.0,돈버는퀴즈,적립
0.0,OK캐시백,nabi
0.0,OK캐시백,성공
0.0,OK캐시백,적립
0.0,오퀴즈,nabi
0.0,오퀴즈,성공
0.0,오퀴즈,적립
0.0,리브메이트,nabi
0.0,리브메이트,성공
0.0,리브메이트,적립
0.0,오늘의퀴즈,nabi
0.0,오늘의퀴즈,성공
0.0,오늘의퀴즈,적립
0.0,앱테크,nabi
0.0,앱테크,성공
0.0,앱테크,적립
0.0,쏠퀴즈,nabi
0.0,쏠퀴즈,성공
0.0,쏠퀴즈,적립
4.0,캐시워크,정액
4.0,캐시워크,정답
4.0,캐시워크,명시
4.0,캐시워크,정액
4.0,캐시워크,정답
4.0,캐시워크,명시
4.0,퀴즈정답,정액
4.0,퀴즈정답,정답
4.0,퀴즈정답,명시
4.0,캐시워크퀴즈,정액
4.0,캐시워크퀴즈,정답
4.0,캐시워크퀴즈,명시
4.0,캐시워크정답,정액
4.0,캐시워크정답,정답
4.0,캐시워크정답,명시
4.0,캐시워크퀴즈정답,정액
4.0,캐시워크퀴즈정답,정답
4.0,캐시워크퀴즈정답,명시
4.0,돈버는퀴즈,정액
4.0,돈버는퀴즈,정답
4.0,돈버는퀴즈,명시
4.0,캐시워크트롯스타,정액
4.0,캐시워크트롯스타,정답
4.0,캐시워크트롯스타,명시
2.0,캐시워크,성공
2.0,캐시워크,축생
2.0,캐시워크,진행
2.0,캐시워크돈버는퀴즈정답,성공
2.0,캐시워크돈버는퀴즈정답,축생
2.0,캐시워크돈버는퀴즈정답,진행
2.0,sns,성공
2.0,sns,축생
2.0,sns,진행
2.0,캐시워크,성공
2.0,캐시워크,축생
2.0,캐시워크,진행
2.0,캐시워크정답,성공
2.0,캐시워크정답,축생
2.0,캐시워크정답,진행
2.0,캐시워크돈버는퀴즈,성공
2.0,캐시워크돈버는퀴즈,축생
2.0,캐시워크돈버는퀴즈,진행
2.0,캐시워크돈버는퀴즈정답,성공
2.0,캐시워크돈버는퀴즈정답,축생
2.0,캐시워크돈버는퀴즈정답,진행
2.0,실시간,성공
2.0,실시간,축생
2.0,실시간,진행
2.0,캐시워크실시간,성공
2.0,캐시워크실시간,축생
2.0,캐시워크실시간,진행
2.0,캐시워크실시간정답,성공
2.0,캐시워크실시간정답,축생
2.0,캐시워크실시간정답,진행
2.0,돈버는퀴즈실시간,성공
2.0,돈버는퀴즈실시간,축생
2.0,돈버는퀴즈실시간,진행
2.0,sns,성공
2.0,sns,축생
2.0,sns,진행
2.0,퀴즈,성공
2.0,퀴즈,축생
2.0,퀴즈,진행
2.0,종합,성공
2.0,종합,축생
2.0,종합,진행
14.0,트로트팬마음,지하철
14.0,트로트팬마음,손발톱
14.0,트로트팬마음,설치
14.0,버블케어,지하철
14.0,버블케어,손발톱
14.0,버블케어,설치
14.0,캐시워크,지하철
14.0,캐시워크,손발톱
14.0,캐시워크,설치
14.0,돈버는퀴즈,지하철
14.0,돈버는퀴즈,손발톱
14.0,돈버는퀴즈,설치
14.0,돈버는퀴즈정답,지하철
14.0,돈버는퀴즈정답,손발톱
14.0,돈버는퀴즈정답,설치
108.0,캐시워크,안성탕면
108.0,캐시워크,행성
108.0,캐시워크,특허성
108.0,캐시워크돈버는퀴즈,안성탕면
108.0,캐시워크돈버는퀴즈,행성
108.0,캐시워크돈버는퀴즈,특허성
108.0,6월21일캐시워크돈버는퀴즈정답,안성탕면
108.0,6월21일캐시워크돈버는퀴즈정답,행성
108.0,6월21일캐시워크돈버는퀴즈정답,특허성
108.0,캐시워크,안성탕면
108.0,캐시워크,행성
108.0,캐시워크,특허성
108.0,캐시워크돈버는퀴즈,안성탕면
108.0,캐시워크돈버는퀴즈,행성
108.0,캐시워크돈버는퀴즈,특허성
108.0,6월21일캐시워크돈버는퀴즈정답,안성탕면
108.0,6월21일캐시워크돈버는퀴즈정답,행성
108.0,6월21일캐시워크돈버는퀴즈정답,특허성
1.0,6월21일캐시워크,메디픽미
1.0,6월21일캐시워크,캐시
1.0,6월21일캐시워크,진행
1.0,메디픽미,메디픽미
1.0,메디픽미,캐시
1.0,메디픽미,진행
1.0,팬마음,메디픽미
1.0,팬마음,캐시
1.0,팬마음,진행
1.0,6월19일캐시워크,메디픽미
1.0,6월19일캐시워크,캐시
1.0,6월19일캐시워크,진행
1.0,6월19일정답,메디픽미
1.0,6월19일정답,캐시
1.0,6월19일정답,진행
1.0,캐시워크,메디픽미
1.0,캐시워크,캐시
1.0,캐시워크,진행
1.0,캐시워크정답,메디픽미
1.0,캐시워크정답,캐시
1.0,캐시워크정답,진행
1.0,삼성화재,메디픽미
1.0,삼성화재,캐시
1.0,삼성화재,진행
1.0,6월21일캐시워크,메디픽미
1.0,6월21일캐시워크,캐시
1.0,6월21일캐시워크,진행
1.0,6월21일정답,메디픽미
1.0,6월21일정답,캐시
1.0,6월21일정답,진행
1.0,팬마음,메디픽미
1.0,팬마음,캐시
1.0,팬마음,진행
1.0,메디픽미,메디픽미
1.0,메디픽미,캐시
1.0,메디픽미,진행
0.0,캐시워크정답,정답
0.0,캐시워크정답,기타
0.0,캐시워크정답,결산
0.0,캐시워크정답,정답
0.0,캐시워크정답,기타
0.0,캐시워크정답,결산
0.0,돈버는퀴즈,정답
0.0,돈버는퀴즈,기타
0.0,돈버는퀴즈,결산
1.0,캐시워크,진행
1.0,캐시워크,일상
1.0,캐시워크돈버는퀴즈,진행
1.0,캐시워크돈버는퀴즈,일상
1.0,캐시워크돈버는퀴즈정답,진행
1.0,캐시워크돈버는퀴즈정답,일상
1.0,지니어트,메디픽미
1.0,지니어트,의전
1.0,지니어트,먼지
1.0,용돈퀴즈,메디픽미
1.0,용돈퀴즈,의전
1.0,용돈퀴즈,먼지
1.0,캐시닥,메디픽미
1.0,캐시닥,의전
1.0,캐시닥,먼지
1.0,타임스프레드,메디픽미
1.0,타임스프레드,의전
1.0,타임스프레드,먼지
1.0,캐시워크,메디픽미
1.0,캐시워크,의전
1.0,캐시워크,먼지
1.0,캐쉬워크,메디픽미
1.0,캐쉬워크,의전
1.0,캐쉬워크,먼지
1.0,돈버는퀴즈,메디픽미
1.0,돈버는퀴즈,의전
1.0,돈버는퀴즈,먼지
1.0,돈버는어플,메디픽미
1.0,돈버는어플,의전
1.0,돈버는어플,먼지
1.0,11번가,메디픽미
1.0,11번가,의전
1.0,11번가,먼지
1.0,남도장터,메디픽미
1.0,남도장터,의전
1.0,남도장터,먼지
1.0,메디픽미,메디픽미
1.0,메디픽미,의전
1.0,메디픽미,먼지
1.0,네일세럼,메디픽미
1.0,네일세럼,의전
1.0,네일세럼,먼지
1.0,팬마음,메디픽미
1.0,팬마음,의전
1.0,팬마음,먼지
1.0,리비힐,메디픽미
1.0,리비힐,의전
1.0,리비힐,먼지
1.0,엑소좀,메디픽미
1.0,엑소좀,의전
1.0,엑소좀,먼지
1.0,스킨부스터,메디픽미
1.0,스킨부스터,의전
1.0,스킨부스터,먼지
1.0,정답모음,메디픽미
1.0,정답모음,의전
1.0,정답모음,먼지
1.0,문제은행,메디픽미
1.0,문제은행,의전
1.0,문제은행,먼지
1.0,자므로,메디픽미
1.0,자므로,의전
1.0,자므로,먼지
1.0,쿨매트,메디픽미
1.0,쿨매트,의전
1.0,쿨매트,먼지
1.0,듀라론,메디픽미
1.0,듀라론,의전
1.0,듀라론,먼지
1.0,지마켓,메디픽미
1.0,지마켓,의전
1.0,지마켓,먼지
1.0,제나벨,메디픽미
1.0,제나벨,의전
1.0,제나벨,먼지
1.0,소휘,메디픽미
1.0,소휘,의전
1.0,소휘,먼지
1.0,글루타치온,메디픽미
1.0,글루타치온,의전
1.0,글루타치온,먼지
1.0,PDRN,메디픽미
1.0,PDRN,의전
1.0,PDRN,먼지
1.0,PM12,메디픽미
1.0,PM12,의전
1.0,PM12,먼지
1.0,파르레,메디픽미
1.0,파르레,의전
1.0,파르레,먼지
0.0,신한플러스,nabi
0.0,신한플러스,진행
0.0,신한플러스,정답
0.0,OK캐시백,nabi
0.0,OK캐시백,진행
0.0,OK캐시백,정답
0.0,신한플러스,nabi
0.0,신한플러스,진행
0.0,신한플러스,정답
0.0,신한퀴즈,nabi
0.0,신한퀴즈,진행
0.0,신한퀴즈,정답
0.0,with,nabi
0.0,with,진행
0.0,with,정답
0.0,위드,nabi
0.0,위드,진행
0.0,위드,정답
0.0,OX퀴즈,nabi
0.0,OX퀴즈,진행
0.0,OX퀴즈,정답
0.0,캐시워크,nabi
0.0,캐시워크,진행
0.0,캐시워크,정답
0.0,돈버는퀴즈,nabi
0.0,돈버는퀴즈,진행
0.0,돈버는퀴즈,정답
0.0,OK캐시백,nabi
0.0,OK캐시백,진행
0.0,OK캐시백,정답
0.0,오퀴즈,nabi
0.0,오퀴즈,진행
0.0,오퀴즈,정답
0.0,리브메이트,nabi
0.0,리브메이트,진행
0.0,리브메이트,정답
0.0,오늘의퀴즈,nabi
0.0,오늘의퀴즈,진행
0.0,오늘의퀴즈,정답
0.0,앱테크,nabi
0.0,앱테크,진행
0.0,앱테크,정답
0.0,쏠퀴즈,nabi
0.0,쏠퀴즈,진행
0.0,쏠퀴즈,정답
5.0,6월21일토스퀴즈,제주항공
5.0,6월21일토스퀴즈,성공
5.0,6월21일토스퀴즈,선착순
5.0,6월21일토스퀴즈,제주항공
5.0,6월21일토스퀴즈,성공
5.0,6월21일토스퀴즈,선착순
5.0,제주항공토스행운퀴즈,제주항공
5.0,제주항공토스행운퀴즈,성공
5.0,제주항공토스행운퀴즈,선착순
5.0,ㅍㅅㅌㄷ,제주항공
5.0,ㅍㅅㅌㄷ,성공
5.0,ㅍㅅㅌㄷ,선착순
2.0,초성퀴즈정답,정답
2.0,초성퀴즈정답,진행
2.0,초성퀴즈정답,한정
2.0,초성힌트정답,정답
2.0,초성힌트정답,진행
2.0,초성힌트정답,한정
2.0,캐시워크정답,정답
2.0,캐시워크정답,진행
2.0,캐시워크정답,한정
2.0,최대5만원할인쿠폰,정답
2.0,최대5만원할인쿠폰,진행
2.0,최대5만원할인쿠폰,한정
2.0,할인쿠폰,정답
2.0,할인쿠폰,진행
2.0,할인쿠폰,한정
2.0,5만원할인쿠폰,정답
2.0,5만원할인쿠폰,진행
2.0,5만원할인쿠폰,한정
2.0,단7일간,정답
2.0,단7일간,진행
2.0,단7일간,한정
2.0,최대할인혜택,정답
2.0,최대할인혜택,진행
2.0,최대할인혜택,한정
2.0,최대5만원할인,정답
2.0,최대5만원할인,진행
2.0,최대5만원할인,한정
2.0,할인쿠폰_정답,정답
2.0,할인쿠폰_정답,진행
2.0,할인쿠폰_정답,한정
2.0,하루2번한정수량,정답
2.0,하루2번한정수량,진행
2.0,하루2번한정수량,한정
2.0,000원타임세일,정답
2.0,000원타임세일,진행
2.0,000원타임세일,한정
2.0,000원,정답
2.0,000원,진행
2.0,000원,한정
2.0,000원_정답,정답
2.0,000원_정답,진행
2.0,000원_정답,한정
2.0,타임세일기회,정답
2.0,타임세일기회,진행
2.0,타임세일기회,한정
2.0,초성퀴즈정답,정답
2.0,초성퀴즈정답,진행
2.0,초성퀴즈정답,한정
2.0,초성힌트정답,정답
2.0,초성힌트정답,진행
2.0,초성힌트정답,한정
2.0,캐시워크정답,정답
2.0,캐시워크정답,진행
2.0,캐시워크정답,한정
2.0,최대5만원할인쿠폰,정답
2.0,최대5만원할인쿠폰,진행
2.0,최대5만원할인쿠폰,한정
2.0,할인쿠폰,정답
2.0,할인쿠폰,진행
2.0,할인쿠폰,한정
2.0,5만원할인쿠폰,정답
2.0,5만원할인쿠폰,진행
2.0,5만원할인쿠폰,한정
2.0,단7일간,정답
2.0,단7일간,진행
2.0,단7일간,한정
2.0,최대할인혜택,정답
2.0,최대할인혜택,진행
2.0,최대할인혜택,한정
2.0,최대5만원할인,정답
2.0,최대5만원할인,진행
2.0,최대5만원할인,한정
2.0,할인쿠폰_정답,정답
2.0,할인쿠폰_정답,진행
2.0,할인쿠폰_정답,한정
2.0,하루2번한정수량,정답
2.0,하루2번한정수량,진행
2.0,하루2번한정수량,한정
2.0,000원타임세일,정답
2.0,000원타임세일,진행
2.0,000원타임세일,한정
2.0,000원,정답
2.0,000원,진행
2.0,000원,한정
2.0,000원_정답,정답
2.0,000원_정답,진행
2.0,000원_정답,한정
2.0,타임세일기회,정답
2.0,타임세일기회,진행
2.0,타임세일기회,한정
3.0,캐시워크정답공유블로그,성공
3.0,캐시워크정답공유블로그,전용
3.0,친절한미야씨블로그,성공
3.0,친절한미야씨블로그,전용
0.0,캐시닥,쿠션
0.0,캐시닥,쿠폰
0.0,캐시닥,정답
0.0,캐시닥,쿠션
0.0,캐시닥,쿠폰
0.0,캐시닥,정답
0.0,캐시닥퀴즈,쿠션
0.0,캐시닥퀴즈,쿠폰
0.0,캐시닥퀴즈,정답
0.0,캐시닥퀴즈정답,쿠션
0.0,캐시닥퀴즈정답,쿠폰
0.0,캐시닥퀴즈정답,정답
0.0,캐시워크,쿠션
0.0,캐시워크,쿠폰
0.0,캐시워크,정답
0.0,타임스프레드,쿠션
0.0,타임스프레드,쿠폰
0.0,타임스프레드,정답
0.0,용돈퀴즈,쿠션
0.0,용돈퀴즈,쿠폰
0.0,용돈퀴즈,정답
0.0,지니어트,쿠션
0.0,지니어트,쿠폰
0.0,지니어트,정답
0.0,정답,쿠션
0.0,정답,쿠폰
0.0,정답,정답
0.0,용돈퀴즈정답,쿠션
0.0,용돈퀴즈정답,쿠폰
0.0,용돈퀴즈정답,정답
0.0,돈버는퀴즈,쿠션
0.0,돈버는퀴즈,쿠폰
0.0,돈버는퀴즈,정답
0.0,타임스프레드정답,쿠션
0.0,타임스프레드정답,쿠폰
0.0,타임스프레드정답,정답
0.0,돈버는퀴즈정답,쿠션
0.0,돈버는퀴즈정답,쿠폰
0.0,돈버는퀴즈정답,정답
0.0,최대77,쿠션
0.0,최대77,쿠폰
0.0,최대77,정답
0.0,설화수쿠션,쿠션
0.0,설화수쿠션,쿠폰
0.0,설화수쿠션,정답
0.0,캐시워크,명시
0.0,캐시워크,기타
0.0,캐시워크,설화수
0.0,캐시워크설화수,명시
0.0,캐시워크설화수,기타
0.0,캐시워크설화수,설화수
0.0,설화수,명시
0.0,설화수,기타
0.0,설화수,설화수
0.0,캐시워크,증정
0.0,캐시워크,gift
0.0,캐시워크,정답
0.0,돈버는퀴즈,증정
0.0,돈버는퀴즈,gift
0.0,돈버는퀴즈,정답
0.0,할인쿠폰을드려요,증정
0.0,할인쿠폰을드려요,gift
0.0,할인쿠폰을드려요,정답
0.0,단7일간최대77,증정
0.0,단7일간최대77,gift
0.0,단7일간최대77,정답
0.0,00000는지금최대15,증정
0.0,00000는지금최대15,gift
0.0,00000는지금최대15,정답
0.0,역대급GIFT도증정해드리고있으니,증정
0.0,역대급GIFT도증정해드리고있으니,gift
0.0,역대급GIFT도증정해드리고있으니,정답
0.0,이기회놓치지마세요,증정
0.0,이기회놓치지마세요,gift
0.0,이기회놓치지마세요,정답
3.0,캐시워크,증정
3.0,캐시워크,캐시
3.0,체크인챌린지,증정
3.0,체크인챌린지,캐시
3.0,캐시워크,증정
3.0,캐시워크,캐시
3.0,캐시워크정답,증정
3.0,캐시워크정답,캐시
3.0,돈버는퀴즈,증정
3.0,돈버는퀴즈,캐시
3.0,돈버는퀴즈정답,증정
3.0,돈버는퀴즈정답,캐시
3.0,타임스프레드,증정
3.0,타임스프레드,캐시
3.0,타임스프레드정답,증정
3.0,타임스프레드정답,캐시
3.0,캐시닥,증정
3.0,캐시닥,캐시
3.0,캐시닥정답,증정
3.0,캐시닥정답,캐시
3.0,용돈퀴즈,증정
3.0,용돈퀴즈,캐시
3.0,용돈퀴즈정답,증정
3.0,용돈퀴즈정답,캐시
3.0,티끌모아큰티끌모아태산,증정
3.0,티끌모아큰티끌모아태산,캐시
3.0,최대,증정
3.0,최대,캐시
3.0,5만원,증정
3.0,5만원,캐시
3.0,할인,증정
3.0,할인,캐시
3.0,쿠폰,증정
3.0,쿠폰,캐시
3.0,7일간,증정
3.0,7일간,캐시
3.0,77프로,증정
3.0,77프로,캐시
3.0,혜택,증정
3.0,혜택,캐시
3.0,진행중,증정
3.0,진행중,캐시
3.0,인기,증정
3.0,인기,캐시
3.0,브랜드,증정
3.0,브랜드,캐시
3.0,00000,증정
3.0,00000,캐시
3.0,15프로,증정
3.0,15프로,캐시
3.0,역대급,증정
3.0,역대급,캐시
0.0,퍼플박스,급성
0.0,퍼플박스,인정
0.0,퍼플박스,컬래버레이션
0.0,이커머스기업,급성
0.0,이커머스기업,인정
0.0,이커머스기업,컬래버레이션
0.0,장외주식,급성
0.0,장외주식,인정
0.0,장외주식,컬래버레이션
0.0,비상장주식,급성
0.0,비상장주식,인정
0.0,비상장주식,컬래버레이션
0.0,기업공개,급성
0.0,기업공개,인정
0.0,기업공개,컬래버레이션
0.0,IPO,급성
0.0,IPO,인정
0.0,IPO,컬래버레이션
0.0,eee111,방울토마토
0.0,eee111,쇼핑
0.0,eee111,reviewer
10.0,캐시워크,적립
10.0,캐시워크,부수입
10.0,캐시워크,정답
10.0,돈버는퀴즈,적립
10.0,돈버는퀴즈,부수입
10.0,돈버는퀴즈,정답
10.0,앱테크,적립
10.0,앱테크,부수입
10.0,앱테크,정답
10.0,앱퀴즈,적립
10.0,앱퀴즈,부수입
10.0,앱퀴즈,정답
10.0,포인트적립,적립
10.0,포인트적립,부수입
10.0,포인트적립,정답
10.0,짠테크,적립
10.0,짠테크,부수입
10.0,짠테크,정답
10.0,부수입,적립
10.0,부수입,부수입
10.0,부수입,정답
3.0,초성퀴즈정답,증정
3.0,초성퀴즈정답,정답
3.0,초성퀴즈정답,진행
3.0,초성힌트정답,증정
3.0,초성힌트정답,정답
3.0,초성힌트정답,진행
3.0,캐시워크정답,증정
3.0,캐시워크정답,정답
3.0,캐시워크정답,진행
3.0,5만원할인,증정
3.0,5만원할인,정답
3.0,5만원할인,진행
3.0,할인쿠폰,증정
3.0,할인쿠폰,정답
3.0,할인쿠폰,진행
3.0,인기브랜드,증정
3.0,인기브랜드,정답
3.0,인기브랜드,진행
3.0,인기브랜드_00000,증정
3.0,인기브랜드_00000,정답
3.0,인기브랜드_00000,진행
3.0,지금최대할인,증정
3.0,지금최대할인,정답
3.0,지금최대할인,진행
3.0,역대급증정,증정
3.0,역대급증정,정답
3.0,역대급증정,진행
3.0,초성퀴즈정답,증정
3.0,초성퀴즈정답,정답
3.0,초성퀴즈정답,진행
3.0,초성힌트정답,증정
3.0,초성힌트정답,정답
3.0,초성힌트정답,진행
3.0,캐시워크정답,증정
3.0,캐시워크정답,정답
3.0,캐시워크정답,진행
3.0,5만원할인,증정
3.0,5만원할인,정답
3.0,5만원할인,진행
3.0,할인쿠폰,증정
3.0,할인쿠폰,정답
3.0,할인쿠폰,진행
3.0,인기브랜드,증정
3.0,인기브랜드,정답
3.0,인기브랜드,진행
3.0,인기브랜드_00000,증정
3.0,인기브랜드_00000,정답
3.0,인기브랜드_00000,진행
3.0,지금최대할인,증정
3.0,지금최대할인,정답
3.0,지금최대할인,진행
3.0,역대급증정,증정
3.0,역대급증정,정답
3.0,역대급증정,진행
6.0,돈버는퀴즈,메디픽미
6.0,돈버는퀴즈,명시
6.0,돈버는퀴즈,추천
6.0,캐시워크,메디픽미
6.0,캐시워크,명시
6.0,캐시워크,추천
6.0,정답,메디픽미
6.0,정답,명시
6.0,정답,추천
6.0,돈버는퀴즈정답,메디픽미
6.0,돈버는퀴즈정답,명시
6.0,돈버는퀴즈정답,추천
6.0,캐시워크정답,메디픽미
6.0,캐시워크정답,명시
6.0,캐시워크정답,추천
6.0,팬마음정답,메디픽미
6.0,팬마음정답,명시
6.0,팬마음정답,추천
6.0,메디픽미,메디픽미
6.0,메디픽미,명시
6.0,메디픽미,추천
6.0,프롬바이오정답,메디픽미
6.0,프롬바이오정답,명시
6.0,프롬바이오정답,추천
6.0,오산댁,메디픽미
6.0,오산댁,명시
6.0,오산댁,추천
6.0,체크인챌린지,메디픽미
6.0,체크인챌린지,명시
6.0,체크인챌린지,추천
6.0,돈버는퀴즈,메디픽미
6.0,돈버는퀴즈,명시
6.0,돈버는퀴즈,추천
6.0,캐시워크,메디픽미
6.0,캐시워크,명시
6.0,캐시워크,추천
6.0,정답,메디픽미
6.0,정답,명시
6.0,정답,추천
6.0,돈버는퀴즈정답,메디픽미
6.0,돈버는퀴즈정답,명시
6.0,돈버는퀴즈정답,추천
6.0,캐시워크정답,메디픽미
6.0,캐시워크정답,명시
6.0,캐시워크정답,추천
6.0,팬마음정답,메디픽미
6.0,팬마음정답,명시
6.0,팬마음정답,추천
6.0,메디픽미,메디픽미
6.0,메디픽미,명시
6.0,메디픽미,추천
6.0,프롬바이오정답,메디픽미
6.0,프롬바이오정답,명시
6.0,프롬바이오정답,추천
6.0,오산댁,메디픽미
6.0,오산댁,명시
6.0,오산댁,추천
20.0,용돈퀴즈,증정
20.0,용돈퀴즈,항정살
20.0,용돈퀴즈,유명
20.0,ㅇㅇ코너,증정
20.0,ㅇㅇ코너,항정살
20.0,ㅇㅇ코너,유명
20.0,ㄱㅇㅈㅇ,증정
20.0,ㄱㅇㅈㅇ,항정살
20.0,ㄱㅇㅈㅇ,유명
20.0,항산화제와ㅇㅇㅇㅇ이결합,증정
20.0,항산화제와ㅇㅇㅇㅇ이결합,항정살
20.0,항산화제와ㅇㅇㅇㅇ이결합,유명
20.0,보배진미쌀ㅇㅇㅇ,증정
20.0,보배진미쌀ㅇㅇㅇ,항정살
20.0,보배진미쌀ㅇㅇㅇ,유명
20.0,재구매높은마스크소상한ㅇㅇㅇ,증정
20.0,재구매높은마스크소상한ㅇㅇㅇ,항정살
20.0,재구매높은마스크소상한ㅇㅇㅇ,유명
20.0,기미개선및ㅇㅇㅇㅇ효과,증정
20.0,기미개선및ㅇㅇㅇㅇ효과,항정살
20.0,기미개선및ㅇㅇㅇㅇ효과,유명
20.0,CJ제일제당브랜드관의모든상품을ㅇㅇㅇㅇ원,증정
20.0,CJ제일제당브랜드관의모든상품을ㅇㅇㅇㅇ원,항정살
20.0,CJ제일제당브랜드관의모든상품을ㅇㅇㅇㅇ원,유명
20.0,캐시워크돈버는퀴즈,증정
20.0,캐시워크돈버는퀴즈,항정살
20.0,캐시워크돈버는퀴즈,유명
20.0,5가지천연복합추출물인ㅇㅇㅇㅇㅇ를함유,증정
20.0,5가지천연복합추출물인ㅇㅇㅇㅇㅇ를함유,항정살
20.0,5가지천연복합추출물인ㅇㅇㅇㅇㅇ를함유,유명
20.0,팬마음투표ㅇ위,증정
20.0,팬마음투표ㅇ위,항정살
20.0,팬마음투표ㅇ위,유명
20.0,앵콜전ㅇㅇㅇㅇㅇ,증정
20.0,앵콜전ㅇㅇㅇㅇㅇ,항정살
20.0,앵콜전ㅇㅇㅇㅇㅇ,유명
20.0,연골ㅇ혈관벽힘줄,증정
20.0,연골ㅇ혈관벽힘줄,항정살
20.0,연골ㅇ혈관벽힘줄,유명
20.0,리브메이트오늘의퀴즈,증정
20.0,리브메이트오늘의퀴즈,항정살
20.0,리브메이트오늘의퀴즈,유명
20.0,용돈퀴즈,증정
20.0,용돈퀴즈,항정살
20.0,용돈퀴즈,유명
20.0,타임스프레드퀴즈,증정
20.0,타임스프레드퀴즈,항정살
20.0,타임스프레드퀴즈,유명
20.0,캐시닥퀴즈,증정
20.0,캐시닥퀴즈,항정살
20.0,캐시닥퀴즈,유명
20.0,캐시워크퀴즈,증정
20.0,캐시워크퀴즈,항정살
20.0,캐시워크퀴즈,유명
20.0,캐시워크,증정
20.0,캐시워크,항정살
20.0,캐시워크,유명
20.0,9SWS1,증정
20.0,9SWS1,항정살
20.0,9SWS1,유명
20.0,K9aCmD,증정
20.0,K9aCmD,항정살
20.0,K9aCmD,유명
20.0,KR5NMWM,증정
20.0,KR5NMWM,항정살
20.0,KR5NMWM,유명
20.0,캐시워크돈버는퀴즈,증정
20.0,캐시워크돈버는퀴즈,항정살
20.0,캐시워크돈버는퀴즈,유명
20.0,캐시워크오늘의퀴즈,증정
20.0,캐시워크오늘의퀴즈,항정살
20.0,캐시워크오늘의퀴즈,유명
20.0,리브메이트오늘의퀴즈,증정
20.0,리브메이트오늘의퀴즈,항정살
20.0,리브메이트오늘의퀴즈,유명
20.0,리브메이트,증정
20.0,리브메이트,항정살
20.0,리브메이트,유명
20.0,KBPay,증정
20.0,KBPay,항정살
20.0,KBPay,유명
20.0,토스퀴즈,증정
20.0,토스퀴즈,항정살
20.0,토스퀴즈,유명
20.0,신한pLay퀴즈,증정
20.0,신한pLay퀴즈,항정살
20.0,신한pLay퀴즈,유명
20.0,신한퀴즈,증정
20.0,신한퀴즈,항정살
20.0,신한퀴즈,유명
20.0,ㅇㅇ코너,증정
20.0,ㅇㅇ코너,항정살
20.0,ㅇㅇ코너,유명
20.0,돼지고기부위별상품특집,증정
20.0,돼지고기부위별상품특집,항정살
20.0,돼지고기부위별상품특집,유명
20.0,ㄱㅇㅈㅇ,증정
20.0,ㄱㅇㅈㅇ,항정살
20.0,ㄱㅇㅈㅇ,유명
20.0,ㅇㅇㅇㅇ경험으로,증정
20.0,ㅇㅇㅇㅇ경험으로,항정살
20.0,ㅇㅇㅇㅇ경험으로,유명
20.0,항산화제와ㅇㅇㅇㅇ이결합,증정
20.0,항산화제와ㅇㅇㅇㅇ이결합,항정살
20.0,항산화제와ㅇㅇㅇㅇ이결합,유명
20.0,보배진미쌀ㅇㅇㅇ,증정
20.0,보배진미쌀ㅇㅇㅇ,항정살
20.0,보배진미쌀ㅇㅇㅇ,유명
20.0,재구매높은마스크소상한ㅇㅇㅇ,증정
20.0,재구매높은마스크소상한ㅇㅇㅇ,항정살
20.0,재구매높은마스크소상한ㅇㅇㅇ,유명
20.0,유로랩마스크,증정
20.0,유로랩마스크,항정살
20.0,유로랩마스크,유명
20.0,기미개선및ㅇㅇㅇㅇ효과,증정
20.0,기미개선및ㅇㅇㅇㅇ효과,항정살
20.0,기미개선및ㅇㅇㅇㅇ효과,유명
20.0,CJ제일제당브랜드관의모든상품을ㅇㅇㅇㅇ원,증정
20.0,CJ제일제당브랜드관의모든상품을ㅇㅇㅇㅇ원,항정살
20.0,CJ제일제당브랜드관의모든상품을ㅇㅇㅇㅇ원,유명
20.0,5가지천연복합추출물인ㅇㅇㅇㅇㅇ를함유,증정
20.0,5가지천연복합추출물인ㅇㅇㅇㅇㅇ를함유,항정살
20.0,5가지천연복합추출물인ㅇㅇㅇㅇㅇ를함유,유명
20.0,팬마음투표ㅇ위,증정
20.0,팬마음투표ㅇ위,항정살
20.0,팬마음투표ㅇ위,유명
20.0,앵콜전ㅇㅇㅇㅇㅇ,증정
20.0,앵콜전ㅇㅇㅇㅇㅇ,항정살
20.0,앵콜전ㅇㅇㅇㅇㅇ,유명
5.0,KURLY캐시워크,walk
5.0,KURLY캐시워크,cash
5.0,KURLY캐시워크,의전
5.0,캐시워크돈버는퀴즈정답,walk
5.0,캐시워크돈버는퀴즈정답,cash
5.0,캐시워크돈버는퀴즈정답,의전
5.0,단7일간,walk
5.0,단7일간,cash
5.0,단7일간,의전
5.0,최대,walk
5.0,최대,cash
5.0,최대,의전
5.0,77,walk
5.0,77,cash
5.0,77,의전
5.0,지금최대5만원쿠폰,walk
5.0,지금최대5만원쿠폰,cash
5.0,지금최대5만원쿠폰,의전
5.0,상반기를빛낸,walk
5.0,상반기를빛낸,cash
5.0,상반기를빛낸,의전
5.0,00000,walk
5.0,00000,cash
5.0,00000,의전
5.0,상품들을만나보세요,walk
5.0,상품들을만나보세요,cash
5.0,상품들을만나보세요,의전
5.0,명예의전당,walk
5.0,명예의전당,cash
5.0,명예의전당,의전
5.0,지금최대5만원쿠폰받고,walk
5.0,지금최대5만원쿠폰받고,cash
5.0,지금최대5만원쿠폰받고,의전
7.0,케시워크정답,이제정
7.0,케시워크정답,특허성
7.0,케시워크정답,설정
7.0,케시워크정답,이제정
7.0,케시워크정답,특허성
7.0,케시워크정답,설정
7.0,케시워크,이제정
7.0,케시워크,특허성
7.0,케시워크,설정
7.0,돈버는퀴즈정답,이제정
7.0,돈버는퀴즈정답,특허성
7.0,돈버는퀴즈정답,설정
7.0,캐시워크정답,이제정
7.0,캐시워크정답,특허성
7.0,캐시워크정답,설정
7.0,프롬바이오,이제정
7.0,프롬바이오,특허성
7.0,프롬바이오,설정
0.0,캐시워크,쿠션
0.0,캐시워크,정답
0.0,캐시워크,의전
0.0,캐시워크,쿠션
0.0,캐시워크,정답
0.0,캐시워크,의전
0.0,캐시워크정답,쿠션
0.0,캐시워크정답,정답
0.0,캐시워크정답,의전
0.0,돈버는퀴즈,쿠션
0.0,돈버는퀴즈,정답
0.0,돈버는퀴즈,의전
0.0,돈버는퀴즈정답,쿠션
0.0,돈버는퀴즈정답,정답
0.0,돈버는퀴즈정답,의전
0.0,타임스프레드,쿠션
0.0,타임스프레드,정답
0.0,타임스프레드,의전
0.0,타임스프레드정답,쿠션
0.0,타임스프레드정답,정답
0.0,타임스프레드정답,의전
0.0,캐시닥,쿠션
0.0,캐시닥,정답
0.0,캐시닥,의전
0.0,캐시닥정답,쿠션
0.0,캐시닥정답,정답
0.0,캐시닥정답,의전
0.0,용돈퀴즈,쿠션
0.0,용돈퀴즈,정답
0.0,용돈퀴즈,의전
0.0,용돈퀴즈정답,쿠션
0.0,용돈퀴즈정답,정답
0.0,용돈퀴즈정답,의전
0.0,00000,쿠션
0.0,00000,정답
0.0,00000,의전
0.0,OOOOO,쿠션
0.0,OOOOO,정답
0.0,OOOOO,의전
0.0,설화수,쿠션
0.0,설화수,정답
0.0,설화수,의전
0.0,쿠션,쿠션
0.0,쿠션,정답
0.0,쿠션,의전
0.0,기획세트,쿠션
0.0,기획세트,정답
0.0,기획세트,의전
0.0,상반기,쿠션
0.0,상반기,정답
0.0,상반기,의전
0.0,결산,쿠션
0.0,결산,정답
0.0,결산,의전
0.0,최대,쿠션
0.0,최대,정답
0.0,최대,의전
0.0,5만원,쿠션
0.0,5만원,정답
0.0,5만원,의전
0.0,할인,쿠션
0.0,할인,정답
0.0,할인,의전
0.0,쿠폰,쿠션
0.0,쿠폰,정답
0.0,쿠폰,의전
0.0,7일간,쿠션
0.0,7일간,정답
0.0,7일간,의전
0.0,빛낸,쿠션
0.0,빛낸,정답
0.0,빛낸,의전
0.0,상품,쿠션
0.0,상품,정답
0.0,상품,의전
0.0,정샘물브로우,선생
0.0,정샘물브로우,생각
0.0,정샘물브로우,멀티
0.0,아이브로우추천,선생
0.0,아이브로우추천,생각
0.0,아이브로우추천,멀티
0.0,비플레인앰플,선생
0.0,비플레인앰플,생각
0.0,비플레인앰플,멀티
0.0,비플레인멀티비타민앰플,선생
0.0,비플레인멀티비타민앰플,생각
0.0,비플레인멀티비타민앰플,멀티
0.0,그린토마토포어앰플,선생
0.0,그린토마토포어앰플,생각
0.0,그린토마토포어앰플,멀티
0.0,연작메이스프랩,선생
0.0,연작메이스프랩,생각
0.0,연작메이스프랩,멀티
0.0,화알못,선생
0.0,화알못,생각
0.0,화알못,멀티
1.0,캐시워크,추천
1.0,캐시워크,캐시
1.0,캐시워크,치킨
1.0,체크인챌린지,추천
1.0,체크인챌린지,캐시
1.0,체크인챌린지,치킨
1.0,캐시워크,추천
1.0,캐시워크,캐시
1.0,캐시워크,치킨
1.0,캐시워크돈모으기,추천
1.0,캐시워크돈모으기,캐시
1.0,캐시워크돈모으기,치킨
1.0,캐시워크돈모으는방법,추천
1.0,캐시워크돈모으는방법,캐시
1.0,캐시워크돈모으는방법,치킨
1.0,캐시워크앱테크,추천
1.0,캐시워크앱테크,캐시
1.0,캐시워크앱테크,치킨
1.0,걷기앱,추천
1.0,걷기앱,캐시
1.0,걷기앱,치킨
1.0,걸음수앱테크,추천
1.0,걸음수앱테크,캐시
1.0,걸음수앱테크,치킨
1.0,캐시워크추천인코드,추천
1.0,캐시워크추천인코드,캐시
1.0,캐시워크추천인코드,치킨
1.0,캐시워크캐시모으기,추천
1.0,캐시워크캐시모으기,캐시
1.0,캐시워크캐시모으기,치킨
1.0,캐시워크쉽게캐시모으는방법,추천
1.0,캐시워크쉽게캐시모으는방법,캐시
1.0,캐시워크쉽게캐시모으는방법,치킨
17.0,파운데이션추천,선택
17.0,파운데이션추천,적용
17.0,파운데이션추천,립스틱
17.0,파운데이션추천,선택
17.0,파운데이션추천,적용
17.0,파운데이션추천,립스틱
17.0,여름파운데이션,선택
17.0,여름파운데이션,적용
17.0,여름파운데이션,립스틱
17.0,지속력좋은파운데이션,선택
17.0,지속력좋은파운데이션,적용
17.0,지속력좋은파운데이션,립스틱
17.0,밀착력좋은파운데이션,선택
17.0,밀착력좋은파운데이션,적용
17.0,밀착력좋은파운데이션,립스틱
17.0,웜톤파운데이션,선택
17.0,웜톤파운데이션,적용
17.0,웜톤파운데이션,립스틱
17.0,퍼스널컬러,선택
17.0,퍼스널컬러,적용
17.0,퍼스널컬러,립스틱
17.0,봄웜라이트,선택
17.0,봄웜라이트,적용
17.0,봄웜라이트,립스틱
17.0,웜톤메이크업,선택
17.0,웜톤메이크업,적용
17.0,웜톤메이크업,립스틱
17.0,랑콤,선택
17.0,랑콤,적용
17.0,랑콤,립스틱
17.0,랑콤파운데이션,선택
17.0,랑콤파운데이션,적용
17.0,랑콤파운데이션,립스틱
17.0,랑콤뗑이돌파운데이션,선택
17.0,랑콤뗑이돌파운데이션,적용
17.0,랑콤뗑이돌파운데이션,립스틱
17.0,뗑이돌파운데이션,선택
17.0,뗑이돌파운데이션,적용
17.0,뗑이돌파운데이션,립스틱
17.0,얇게발리는파운데이션,선택
17.0,얇게발리는파운데이션,적용
17.0,얇게발리는파운데이션,립스틱
17.0,촉촉한파운데이션,선택
17.0,촉촉한파운데이션,적용
17.0,촉촉한파운데이션,립스틱
17.0,베이스메이크업,선택
17.0,베이스메이크업,적용
17.0,베이스메이크업,립스틱
17.0,메이크업,선택
17.0,메이크업,적용
17.0,메이크업,립스틱
17.0,셀프메이크업,선택
17.0,셀프메이크업,적용
17.0,셀프메이크업,립스틱
17.0,뗑이돌롱라스팅파운데이션,선택
17.0,뗑이돌롱라스팅파운데이션,적용
17.0,뗑이돌롱라스팅파운데이션,립스틱
3.0,브랜드,성과
3.0,브랜드,동영상
3.0,브랜드,미국
3.0,마케티움,성과
3.0,마케티움,동영상
3.0,마케티움,미국
3.0,논픽션,성과
3.0,논픽션,동영상
3.0,논픽션,미국
3.0,마케터,성과
3.0,마케터,동영상
3.0,마케터,미국
3.0,마케팅,성과
3.0,마케팅,동영상
3.0,마케팅,미국
3.0,브랜딩,성과
3.0,브랜딩,동영상
3.0,브랜딩,미국
3.0,탬버린즈,성과
3.0,탬버린즈,동영상
3.0,탬버린즈,미국
3.0,카카오선물하기,성과
3.0,카카오선물하기,동영상
3.0,카카오선물하기,미국
3.0,선물템,성과
3.0,선물템,동영상
3.0,선물템,미국
3.0,선물추천,성과
3.0,선물추천,동영상
3.0,선물추천,미국
3.0,선물템추천,성과
3.0,선물템추천,동영상
3.0,선물템추천,미국
24.0,김슬아,경영인
24.0,김슬아,인정
24.0,김슬아,성공
9.0,엠포스,경쟁
9.0,엠포스,충성
9.0,엠포스,성공
9.0,eMFORCE,경쟁
9.0,eMFORCE,충성
9.0,eMFORCE,성공
9.0,트렌드,경쟁
9.0,트렌드,충성
9.0,트렌드,성공
9.0,이슈,경쟁
9.0,이슈,충성
9.0,이슈,성공
9.0,커머스,경쟁
9.0,커머스,충성
9.0,커머스,성공
9.0,멤버십,경쟁
9.0,멤버십,충성
9.0,멤버십,성공
9.0,프리미엄,경쟁
9.0,프리미엄,충성
9.0,프리미엄,성공
9.0,유료멤버십,경쟁
9.0,유료멤버십,충성
9.0,유료멤버십,성공
9.0,가격,경쟁
9.0,가격,충성
9.0,가격,성공
9.0,혜택,경쟁
9.0,혜택,충성
9.0,혜택,성공
9.0,신규,경쟁
9.0,신규,충성
9.0,신규,성공
9.0,통합멤버십,경쟁
9.0,통합멤버십,충성
9.0,통합멤버십,성공
9.0,쿠팡,경쟁
9.0,쿠팡,충성
9.0,쿠팡,성공
9.0,와우멤버십,경쟁
9.0,와우멤버십,충성
9.0,와우멤버십,성공
9.0,SSG,경쟁
9.0,SSG,충성
9.0,SSG,성공
9.0,신세계유니버스클럽,경쟁
9.0,신세계유니버스클럽,충성
9.0,신세계유니버스클럽,성공
9.0,스마일클럽,경쟁
9.0,스마일클럽,충성
9.0,스마일클럽,성공
9.0,롯데,경쟁
9.0,롯데,충성
9.0,롯데,성공
9.0,롯데오너스,경쟁
9.0,롯데오너스,충성
9.0,롯데오너스,성공
9.0,네이버,경쟁
9.0,네이버,충성
9.0,네이버,성공
9.0,네이버플러스,경쟁
9.0,네이버플러스,충성
9.0,네이버플러스,성공
9.0,11번가,경쟁
9.0,11번가,충성
9.0,11번가,성공
9.0,SKT,경쟁
9.0,SKT,충성
9.0,SKT,성공
9.0,우주패스,경쟁
9.0,우주패스,충성
9.0,우주패스,성공
9.0,무신사,경쟁
9.0,무신사,충성
9.0,무신사,성공
83.0,아떼,어센틱플럼핑
83.0,아떼,어센틱
83.0,아떼,형성
83.0,어센틱플럼핑립오일,어센틱플럼핑
83.0,어센틱플럼핑립오일,어센틱
83.0,어센틱플럼핑립오일,형성
83.0,립오일,어센틱플럼핑
83.0,립오일,어센틱
83.0,립오일,형성
83.0,스프링클레드,어센틱플럼핑
83.0,스프링클레드,어센틱
83.0,스프링클레드,형성
83.0,플럼핑립,어센틱플럼핑
83.0,플럼핑립,어센틱
83.0,플럼핑립,형성
83.0,비건립오일,어센틱플럼핑
83.0,비건립오일,어센틱
83.0,비건립오일,형성
83.0,데일리템,어센틱플럼핑
83.0,데일리템,어센틱
83.0,데일리템,형성
83.0,생얼립오일,어센틱플럼핑
83.0,생얼립오일,어센틱
83.0,생얼립오일,형성
5.0,도슨트바,일상생활
5.0,도슨트바,hot
5.0,도슨트바,hay
5.0,이영라셰프,일상생활
5.0,이영라셰프,hot
5.0,이영라셰프,hay
5.0,미니도슨트바식초,일상생활
5.0,미니도슨트바식초,hot
5.0,미니도슨트바식초,hay
5.0,서울숲데이트,일상생활
5.0,서울숲데이트,hot
5.0,서울숲데이트,hay
5.0,서울숲체험,일상생활
5.0,서울숲체험,hot
5.0,서울숲체험,hay
5.0,서울숲이색체험,일상생활
5.0,서울숲이색체험,hot
5.0,서울숲이색체험,hay
5.0,오픈클래스,일상생활
5.0,오픈클래스,hot
5.0,오픈클래스,hay
5.0,미식오픈클래스,일상생활
5.0,미식오픈클래스,hot
5.0,미식오픈클래스,hay
5.0,식재료오픈클래스,일상생활
5.0,식재료오픈클래스,hot
5.0,식재료오픈클래스,hay
5.0,식초도슨트바,일상생활
5.0,식초도슨트바,hot
5.0,식초도슨트바,hay
5.0,체험후기,일상생활
5.0,체험후기,hot
5.0,체험후기,hay
5.0,일상블로그,일상생활
5.0,일상블로그,hot
5.0,일상블로그,hay
5.0,서이추,일상생활
5.0,서이추,hot
5.0,서이추,hay
5.0,서이추환영,일상생활
5.0,서이추환영,hot
5.0,서이추환영,hay
19.0,타임딜,선정
19.0,타임딜,라이프스타일
19.0,타임딜,선착순
19.0,타임세일,선정
19.0,타임세일,라이프스타일
19.0,타임세일,선착순
19.0,이벤트,선정
19.0,이벤트,라이프스타일
19.0,이벤트,선착순
19.0,선착순,선정
19.0,선착순,라이프스타일
19.0,선착순,선착순
19.0,한정,선정
19.0,한정,라이프스타일
19.0,한정,선착순
19.0,990원딜,선정
19.0,990원딜,라이프스타일
19.0,990원딜,선착순
19.0,특가,선정
19.0,특가,라이프스타일
19.0,특가,선착순
19.0,뷰티템추천,선정
19.0,뷰티템추천,라이프스타일
19.0,뷰티템추천,선착순
0.0,,어플리케이션
0.0,,라이프스타일
0.0,,콘텐츠
1.0,ID_sobin90,덩어리
1.0,ID_sobin90,쇼핑카트
1.0,ID_sobin90,영어
1.0,덩어리영어,덩어리
1.0,덩어리영어,쇼핑카트
1.0,덩어리영어,영어
1.0,ID_sobin90,덩어리
1.0,ID_sobin90,쇼핑카트
1.0,ID_sobin90,영어
1.0,하자메커피보라동,덩어리
1.0,하자메커피보라동,쇼핑카트
1.0,하자메커피보라동,영어
0.0,부승관선크림,uv
0.0,부승관선크림,키친
0.0,부승관썬크림은,uv
0.0,부승관썬크림은,키친
0.0,셀퓨전씨선크림,uv
0.0,셀퓨전씨선크림,키친
0.0,ID_nati91,uv
0.0,ID_nati91,키친
0.0,헤라선크림,uv
0.0,헤라선크림,키친
0.0,헤라uv톤업선크림,uv
0.0,헤라uv톤업선크림,키친
0.0,청해명가육수한알,uv
0.0,청해명가육수한알,키친
0.0,잘풀리는집키친타올,uv
0.0,잘풀리는집키친타올,키친
11.0,체험용,라이프스타일
11.0,체험용,클렌징
11.0,체험용,페퍼민트
11.0,한정,라이프스타일
11.0,한정,클렌징
11.0,한정,페퍼민트
11.0,배송비딜,라이프스타일
11.0,배송비딜,클렌징
11.0,배송비딜,페퍼민트
11.0,타임딜,라이프스타일
11.0,타임딜,클렌징
11.0,타임딜,페퍼민트
11.0,특가,라이프스타일
11.0,특가,클렌징
11.0,특가,페퍼민트
11.0,닥터브로너스,라이프스타일
11.0,닥터브로너스,클렌징
11.0,닥터브로너스,페퍼민트
11.0,캐스틸솝,라이프스타일
11.0,캐스틸솝,클렌징
11.0,캐스틸솝,페퍼민트
11.0,여행용,라이프스타일
11.0,여행용,클렌징
11.0,여행용,페퍼민트
11.0,여행용키트,라이프스타일
11.0,여행용키트,클렌징
11.0,여행용키트,페퍼민트
11.0,화장품체험딜,라이프스타일
11.0,화장품체험딜,클렌징
11.0,화장품체험딜,페퍼민트
11.0,한정딜,라이프스타일
11.0,한정딜,클렌징
11.0,한정딜,페퍼민트
11.0,배송비체험,라이프스타일
11.0,배송비체험,클렌징
11.0,배송비체험,페퍼민트
11.0,코스알엑스클렌징워터,라이프스타일
11.0,코스알엑스클렌징워터,클렌징
11.0,코스알엑스클렌징워터,페퍼민트
11.0,미셀라워터,라이프스타일
11.0,미셀라워터,클렌징
11.0,미셀라워터,페퍼민트
11.0,클워,라이프스타일
11.0,클워,클렌징
11.0,클워,페퍼민트
11.0,배송비체험이벤트,라이프스타일
11.0,배송비체험이벤트,클렌징
11.0,배송비체험이벤트,페퍼민트
11.0,클렌징,라이프스타일
11.0,클렌징,클렌징
11.0,클렌징,페퍼민트
11.0,클렌징워터,라이프스타일
11.0,클렌징워터,클렌징
11.0,클렌징워터,페퍼민트
11.0,배송비딜특가,라이프스타일
11.0,배송비딜특가,클렌징
11.0,배송비딜특가,페퍼민트
11.0,핫딜,라이프스타일
11.0,핫딜,클렌징
11.0,핫딜,페퍼민트
11.0,오픈런,라이프스타일
11.0,오픈런,클렌징
11.0,오픈런,페퍼민트
11.0,뷰티,라이프스타일
11.0,뷰티,클렌징
11.0,뷰티,페퍼민트
4.0,폴로,polo
4.0,폴로,쿨톤
4.0,폴로,포스팅
4.0,폴로니트,polo
4.0,폴로니트,쿨톤
4.0,폴로니트,포스팅
4.0,폴로반팔니트,polo
4.0,폴로반팔니트,쿨톤
4.0,폴로반팔니트,포스팅
4.0,폴로할인,polo
4.0,폴로할인,쿨톤
4.0,폴로할인,포스팅
4.0,폴로니트할인,polo
4.0,폴로니트할인,쿨톤
4.0,폴로니트할인,포스팅
9.0,티타드치약,라이프스타일
9.0,티타드치약,구석구석
9.0,티타드치약,일정
9.0,티타드,라이프스타일
9.0,티타드,구석구석
9.0,티타드,일정
9.0,입냄새치약,라이프스타일
9.0,입냄새치약,구석구석
9.0,입냄새치약,일정
9.0,입냄새제거,라이프스타일
9.0,입냄새제거,구석구석
9.0,입냄새제거,일정
9.0,구취제거치약,라이프스타일
9.0,구취제거치약,구석구석
9.0,구취제거치약,일정
9.0,임산부선물,라이프스타일
9.0,임산부선물,구석구석
9.0,임산부선물,일정
9.0,가족치약,라이프스타일
9.0,가족치약,구석구석
9.0,가족치약,일정
9.0,치약선물,라이프스타일
9.0,치약선물,구석구석
9.0,치약선물,일정
0.0,엔씨소프트,유통업
0.0,엔씨소프트,정주영
0.0,엔씨소프트,공급망
0.0,신문읽기특훈_셀프,유통업
0.0,신문읽기특훈_셀프,정주영
0.0,신문읽기특훈_셀프,공급망
0.0,하는것이_힘이다,유통업
0.0,하는것이_힘이다,정주영
0.0,하는것이_힘이다,공급망
0.0,경제신문으로_경제공부,유통업
0.0,경제신문으로_경제공부,정주영
0.0,경제신문으로_경제공부,공급망
0.0,디지털신문보기,유통업
0.0,디지털신문보기,정주영
0.0,디지털신문보기,공급망
0.0,엔씨소프트,유통업
0.0,엔씨소프트,정주영
0.0,엔씨소프트,공급망
0.0,카카오게임즈,유통업
0.0,카카오게임즈,정주영
0.0,카카오게임즈,공급망
0.0,시프트업,유통업
0.0,시프트업,정주영
0.0,시프트업,공급망
0.0,신문읽기특훈_셀프,유통업
0.0,신문읽기특훈_셀프,정주영
0.0,신문읽기특훈_셀프,공급망
0.0,하는것이_힘이다,유통업
0.0,하는것이_힘이다,정주영
0.0,하는것이_힘이다,공급망
0.0,경제신문으로_경제공부,유통업
0.0,경제신문으로_경제공부,정주영
0.0,경제신문으로_경제공부,공급망
0.0,디지털신문보기,유통업
0.0,디지털신문보기,정주영
0.0,디지털신문보기,공급망
0.0,빅토리아,cashwalk
0.0,빅토리아,글루타치온앰플
0.0,빅토리아,정경미
0.0,웅진식품,cashwalk
0.0,웅진식품,글루타치온앰플
0.0,웅진식품,정경미
0.0,시모먼트,cashwalk
0.0,시모먼트,글루타치온앰플
0.0,시모먼트,정경미
0.0,캐시워크,cashwalk
0.0,캐시워크,글루타치온앰플
0.0,캐시워크,정경미
0.0,프롬바이오,cashwalk
0.0,프롬바이오,글루타치온앰플
0.0,프롬바이오,정경미
0.0,위닉스,cashwalk
0.0,위닉스,글루타치온앰플
0.0,위닉스,정경미
0.0,시모먼트,cashwalk
0.0,시모먼트,글루타치온앰플
0.0,시모먼트,정경미
0.0,캐시워크,cashwalk
0.0,캐시워크,글루타치온앰플
0.0,캐시워크,정경미
0.0,생활비절약,cashwalk
0.0,생활비절약,글루타치온앰플
0.0,생활비절약,정경미
0.0,절약습관,cashwalk
0.0,절약습관,글루타치온앰플
0.0,절약습관,정경미
0.0,용돈,cashwalk
0.0,용돈,글루타치온앰플
0.0,용돈,정경미
0.0,캐시워크퀴즈,cashwalk
0.0,캐시워크퀴즈,글루타치온앰플
0.0,캐시워크퀴즈,정경미
0.0,캐시워크정답,cashwalk
0.0,캐시워크정답,글루타치온앰플
0.0,캐시워크정답,정경미
0.0,캐워,cashwalk
0.0,캐워,글루타치온앰플
0.0,캐워,정경미
0.0,캐워정답,cashwalk
0.0,캐워정답,글루타치온앰플
0.0,캐워정답,정경미
0.0,돈버는퀴즈,cashwalk
0.0,돈버는퀴즈,글루타치온앰플
0.0,돈버는퀴즈,정경미
0.0,떡동산,cashwalk
0.0,떡동산,글루타치온앰플
0.0,떡동산,정경미
0.0,프롬바이오,cashwalk
0.0,프롬바이오,글루타치온앰플
0.0,프롬바이오,정경미
0.0,네일팁,cashwalk
0.0,네일팁,글루타치온앰플
0.0,네일팁,정경미
0.0,메디큐브,cashwalk
0.0,메디큐브,글루타치온앰플
0.0,메디큐브,정경미
0.0,소휘,cashwalk
0.0,소휘,글루타치온앰플
0.0,소휘,정경미
0.0,삼성화재,cashwalk
0.0,삼성화재,글루타치온앰플
0.0,삼성화재,정경미
0.0,약콩두유,cashwalk
0.0,약콩두유,글루타치온앰플
0.0,약콩두유,정경미
0.0,성분에디터,cashwalk
0.0,성분에디터,글루타치온앰플
0.0,성분에디터,정경미
0.0,위메프,cashwalk
0.0,위메프,글루타치온앰플
0.0,위메프,정경미
0.0,픽스,cashwalk
0.0,픽스,글루타치온앰플
0.0,픽스,정경미
0.0,솔드아웃,cashwalk
0.0,솔드아웃,글루타치온앰플
0.0,솔드아웃,정경미
0.0,위닉스,cashwalk
0.0,위닉스,글루타치온앰플
0.0,위닉스,정경미
0.0,11번가,cashwalk
0.0,11번가,글루타치온앰플
0.0,11번가,정경미
0.0,쿠쿠,cashwalk
0.0,쿠쿠,글루타치온앰플
0.0,쿠쿠,정경미
0.0,정답,cashwalk
0.0,정답,글루타치온앰플
0.0,정답,정경미
0.0,빅토리아,cashwalk
0.0,빅토리아,글루타치온앰플
0.0,빅토리아,정경미
9.0,도제식빵,재생
9.0,도제식빵,용산역
9.0,도제식빵,냉동식품
9.0,도제식빵,재생
9.0,도제식빵,용산역
9.0,도제식빵,냉동식품
9.0,우유식빵,재생
9.0,우유식빵,용산역
9.0,우유식빵,냉동식품
0.0,뷰티닷컴,매일경제
0.0,뷰티닷컴,매칭
0.0,뷰티닷컴,경쟁
0.0,뷰티닷컴,매일경제
0.0,뷰티닷컴,매칭
0.0,뷰티닷컴,경쟁
0.0,BeautyDotCom,매일경제
0.0,BeautyDotCom,매칭
0.0,BeautyDotCom,경쟁
0.0,화장품,매일경제
0.0,화장품,매칭
0.0,화장품,경쟁
0.0,건강기능식품,매일경제
0.0,건강기능식품,매칭
0.0,건강기능식품,경쟁
0.0,건기식,매일경제
0.0,건기식,매칭
0.0,건기식,경쟁
0.0,제약,매일경제
0.0,제약,매칭
0.0,제약,경쟁
0.0,바이오,매일경제
0.0,바이오,매칭
0.0,바이오,경쟁
0.0,업계동향,매일경제
0.0,업계동향,매칭
0.0,업계동향,경쟁
0.0,뉴스,매일경제
0.0,뉴스,매칭
0.0,뉴스,경쟁
0.0,뉴스레터,매일경제
0.0,뉴스레터,매칭
0.0,뉴스레터,경쟁
0.0,아모레퍼시픽,매일경제
0.0,아모레퍼시픽,매칭
0.0,아모레퍼시픽,경쟁
0.0,lg생활건강,매일경제
0.0,lg생활건강,매칭
0.0,lg생활건강,경쟁
0.0,올리브영,매일경제
0.0,올리브영,매칭
0.0,올리브영,경쟁
0.0,유통업계,매일경제
0.0,유통업계,매칭
0.0,유통업계,경쟁
0.0,로레알,매일경제
0.0,로레알,매칭
0.0,로레알,경쟁
0.0,k뷰티테크,매일경제
0.0,k뷰티테크,매칭
0.0,k뷰티테크,경쟁
0.0,오염수,매일경제
0.0,오염수,매칭
0.0,오염수,경쟁
0.0,중국,매일경제
0.0,중국,매칭
0.0,중국,경쟁
0.0,일본,매일경제
0.0,일본,매칭
0.0,일본,경쟁
0.0,시미헤이즈,매일경제
0.0,시미헤이즈,매칭
0.0,시미헤이즈,경쟁
0.0,채용,매일경제
0.0,채용,매칭
0.0,채용,경쟁
0.0,해외,매일경제
0.0,해외,매칭
0.0,해외,경쟁
0.0,트렌드,매일경제
0.0,트렌드,매칭
0.0,트렌드,경쟁
0.0,k바이오,매일경제
0.0,k바이오,매칭
0.0,k바이오,경쟁
0.0,해외매출,매일경제
0.0,해외매출,매칭
0.0,해외매출,경쟁
0.0,엔저,매일경제
0.0,엔저,매칭
0.0,엔저,경쟁
0.0,빅파마,매일경제
0.0,빅파마,매칭
0.0,빅파마,경쟁
0.0,약사법위반,매일경제
0.0,약사법위반,매칭
0.0,약사법위반,경쟁
0.0,셀트리온,매일경제
0.0,셀트리온,매칭
0.0,셀트리온,경쟁
5.0,이연복목란짬뽕,메밀국수
5.0,이연복목란짬뽕,성공
5.0,이연복목란짬뽕,광화문
5.0,이연복목란짬뽕밀키트,메밀국수
5.0,이연복목란짬뽕밀키트,성공
5.0,이연복목란짬뽕밀키트,광화문
5.0,이연복목란짬뽕,메밀국수
5.0,이연복목란짬뽕,성공
5.0,이연복목란짬뽕,광화문
5.0,이연복목란짬뽕밀키트,메밀국수
5.0,이연복목란짬뽕밀키트,성공
5.0,이연복목란짬뽕밀키트,광화문
1.0,일산눈썹,매장
1.0,일산눈썹,채팅
1.0,일산눈썹,운영
1.0,일산눈썹,매장
1.0,일산눈썹,채팅
1.0,일산눈썹,운영
1.0,일산눈썹반영구,매장
1.0,일산눈썹반영구,채팅
1.0,일산눈썹반영구,운영
1.0,마두역눈썹,매장
1.0,마두역눈썹,채팅
1.0,마두역눈썹,운영
1.0,일산눈썹잘하는집,매장
1.0,일산눈썹잘하는집,채팅
1.0,일산눈썹잘하는집,운영
2.0,오픈마켓운영전략,ampm
2.0,오픈마켓운영전략,대중교통
2.0,오픈마켓운영전략,유명인
2.0,쿠팡마케팅,ampm
2.0,쿠팡마케팅,대중교통
2.0,쿠팡마케팅,유명인
2.0,11번가마케팅,ampm
2.0,11번가마케팅,대중교통
2.0,11번가마케팅,유명인
2.0,g마켓마케팅,ampm
2.0,g마켓마케팅,대중교통
2.0,g마켓마케팅,유명인
2.0,오션월드풀패키지,ampm
2.0,오션월드풀패키지,대중교통
2.0,오션월드풀패키지,유명인
2.0,신선밥상,ampm
2.0,신선밥상,대중교통
2.0,신선밥상,유명인
2.0,마케팅뉴스,ampm
2.0,마케팅뉴스,대중교통
2.0,마케팅뉴스,유명인
2.0,마케팅소식,ampm
2.0,마케팅소식,대중교통
2.0,마케팅소식,유명인
2.0,디지털마케팅뉴스,ampm
2.0,디지털마케팅뉴스,대중교통
2.0,디지털마케팅뉴스,유명인
2.0,쿠팡뷰티,ampm
2.0,쿠팡뷰티,대중교통
2.0,쿠팡뷰티,유명인
2.0,오픈마켓,ampm
2.0,오픈마켓,대중교통
2.0,오픈마켓,유명인
2.0,쿠팡,ampm
2.0,쿠팡,대중교통
2.0,쿠팡,유명인
2.0,지마켓,ampm
2.0,지마켓,대중교통
2.0,지마켓,유명인
2.0,g마켓,ampm
2.0,g마켓,대중교통
2.0,g마켓,유명인
2.0,11번가,ampm
2.0,11번가,대중교통
2.0,11번가,유명인
2.0,AMPM,ampm
2.0,AMPM,대중교통
2.0,AMPM,유명인
2.0,AMPMglobal,ampm
2.0,AMPMglobal,대중교통
2.0,AMPMglobal,유명인
2.0,에이엠피엠,ampm
2.0,에이엠피엠,대중교통
2.0,에이엠피엠,유명인
2.0,에이엠피엠글로벌,ampm
2.0,에이엠피엠글로벌,대중교통
2.0,에이엠피엠글로벌,유명인
5.0,디펜스토너,포스팅
5.0,디펜스토너,채팅
5.0,디펜스토너,왁싱
5.0,디펜스겔,포스팅
5.0,디펜스겔,채팅
5.0,디펜스겔,왁싱
5.0,여름철피부관리,포스팅
5.0,여름철피부관리,채팅
5.0,여름철피부관리,왁싱
5.0,캐치업토탈뷰티,포스팅
5.0,캐치업토탈뷰티,채팅
5.0,캐치업토탈뷰티,왁싱
58.0,내돈내산리뷰,알갱이
58.0,내돈내산리뷰,상태
58.0,내돈내산리뷰,민트
58.0,소금입욕제,알갱이
58.0,소금입욕제,상태
58.0,소금입욕제,민트
58.0,홈캉스,알갱이
58.0,홈캉스,상태
58.0,홈캉스,민트
58.0,내돈내산리뷰,알갱이
58.0,내돈내산리뷰,상태
58.0,내돈내산리뷰,민트
58.0,내돈내산입욕제,알갱이
58.0,내돈내산입욕제,상태
58.0,내돈내산입욕제,민트
58.0,배스솔트추천,알갱이
58.0,배스솔트추천,상태
58.0,배스솔트추천,민트
58.0,소금입욕제,알갱이
58.0,소금입욕제,상태
58.0,소금입욕제,민트
58.0,배쓰솔트,알갱이
58.0,배쓰솔트,상태
58.0,배쓰솔트,민트
58.0,닥터틸즈,알갱이
58.0,닥터틸즈,상태
58.0,닥터틸즈,민트
58.0,홈캉스,알갱이
58.0,홈캉스,상태
58.0,홈캉스,민트
58.0,피부관리,알갱이
58.0,피부관리,상태
58.0,피부관리,민트
58.0,반신욕,알갱이
58.0,반신욕,상태
58.0,반신욕,민트
58.0,반신욕입욕제추천,알갱이
58.0,반신욕입욕제추천,상태
58.0,반신욕입욕제추천,민트
58.0,입욕제추천,알갱이
58.0,입욕제추천,상태
58.0,입욕제추천,민트
58.0,바디솔트,알갱이
58.0,바디솔트,상태
58.0,바디솔트,민트
58.0,솔트스크럽,알갱이
58.0,솔트스크럽,상태
58.0,솔트스크럽,민트
58.0,바디스크럽,알갱이
58.0,바디스크럽,상태
58.0,바디스크럽,민트
58.0,바디스크럽추천,알갱이
58.0,바디스크럽추천,상태
58.0,바디스크럽추천,민트
58.0,등드름없애는법,알갱이
58.0,등드름없애는법,상태
58.0,등드름없애는법,민트
58.0,답방,알갱이
58.0,답방,상태
58.0,답방,민트
0.0,,정육
0.0,,카테고리
2.0,팬마음,cashwalk
2.0,팬마음,명시
2.0,팬마음,걱정
2.0,모부심,cashwalk
2.0,모부심,명시
2.0,모부심,걱정
2.0,성분에디터,cashwalk
2.0,성분에디터,명시
2.0,성분에디터,걱정
2.0,신한,cashwalk
2.0,신한,명시
2.0,신한,걱정
2.0,들깨기미,cashwalk
2.0,들깨기미,명시
2.0,들깨기미,걱정
2.0,캐시워크,cashwalk
2.0,캐시워크,명시
2.0,캐시워크,걱정
2.0,프롬바이오,cashwalk
2.0,프롬바이오,명시
2.0,프롬바이오,걱정
2.0,Kurly,cashwalk
2.0,Kurly,명시
2.0,Kurly,걱정
2.0,팬마음,cashwalk
2.0,팬마음,명시
2.0,팬마음,걱정
2.0,트롯스타,cashwalk
2.0,트롯스타,명시
2.0,트롯스타,걱정
2.0,모부심,cashwalk
2.0,모부심,명시
2.0,모부심,걱정
2.0,부심비책,cashwalk
2.0,부심비책,명시
2.0,부심비책,걱정
2.0,성분에디터,cashwalk
2.0,성분에디터,명시
2.0,성분에디터,걱정
2.0,성분에디터2,cashwalk
2.0,성분에디터2,명시
2.0,성분에디터2,걱정
2.0,신한,cashwalk
2.0,신한,명시
2.0,신한,걱정
2.0,삼성화재,cashwalk
2.0,삼성화재,명시
2.0,삼성화재,걱정
2.0,다이렉트,cashwalk
2.0,다이렉트,명시
2.0,다이렉트,걱정
2.0,캐시워크,cashwalk
2.0,캐시워크,명시
2.0,캐시워크,걱정
2.0,생활비절약,cashwalk
2.0,생활비절약,명시
2.0,생활비절약,걱정
2.0,절약습관,cashwalk
2.0,절약습관,명시
2.0,절약습관,걱정
2.0,용돈,cashwalk
2.0,용돈,명시
2.0,용돈,걱정
2.0,캐시워크퀴즈,cashwalk
2.0,캐시워크퀴즈,명시
2.0,캐시워크퀴즈,걱정
2.0,캐시워크정답,cashwalk
2.0,캐시워크정답,명시
2.0,캐시워크정답,걱정
2.0,캐워,cashwalk
2.0,캐워,명시
2.0,캐워,걱정
2.0,캐워정답,cashwalk
2.0,캐워정답,명시
2.0,캐워정답,걱정
2.0,돈버는퀴즈,cashwalk
2.0,돈버는퀴즈,명시
2.0,돈버는퀴즈,걱정
2.0,떡동산,cashwalk
2.0,떡동산,명시
2.0,떡동산,걱정
2.0,프롬바이오,cashwalk
2.0,프롬바이오,명시
2.0,프롬바이오,걱정
2.0,네일팁,cashwalk
2.0,네일팁,명시
2.0,네일팁,걱정
2.0,메디큐브,cashwalk
2.0,메디큐브,명시
2.0,메디큐브,걱정
2.0,소휘,cashwalk
2.0,소휘,명시
2.0,소휘,걱정
2.0,약콩두유,cashwalk
2.0,약콩두유,명시
2.0,약콩두유,걱정
2.0,위메프,cashwalk
2.0,위메프,명시
2.0,위메프,걱정
2.0,픽스,cashwalk
2.0,픽스,명시
2.0,픽스,걱정
2.0,솔드아웃,cashwalk
2.0,솔드아웃,명시
2.0,솔드아웃,걱정
4.0,에스티로더,펌핑기
4.0,에스티로더,실패
4.0,에스티로더,요정
4.0,에스티로더더블웨어,펌핑기
4.0,에스티로더더블웨어,실패
4.0,에스티로더더블웨어,요정
4.0,더블웨어파운데이션,펌핑기
4.0,더블웨어파운데이션,실패
4.0,더블웨어파운데이션,요정
4.0,더블웨어샌드,펌핑기
4.0,더블웨어샌드,실패
4.0,더블웨어샌드,요정
4.0,더블웨어파운데이션색상,펌핑기
4.0,더블웨어파운데이션색상,실패
4.0,더블웨어파운데이션색상,요정
4.0,샌드,펌핑기
4.0,샌드,실패
4.0,샌드,요정
4.0,본,펌핑기
4.0,본,실패
4.0,본,요정
4.0,지성파운데이션,펌핑기
4.0,지성파운데이션,실패
4.0,지성파운데이션,요정
4.0,파운데이션추천,펌핑기
4.0,파운데이션추천,실패
4.0,파운데이션추천,요정
4.0,커버파운데이션,펌핑기
4.0,커버파운데이션,실패
4.0,커버파운데이션,요정
4.0,커버메이크업,펌핑기
4.0,커버메이크업,실패
4.0,커버메이크업,요정
4.0,뷰티,펌핑기
4.0,뷰티,실패
4.0,뷰티,요정
4.0,파운데이션브러쉬,펌핑기
4.0,파운데이션브러쉬,실패
4.0,파운데이션브러쉬,요정
3.0,,신청
3.0,,쿠팡
15.0,간장양념돼지불고기,설명
15.0,간장양념돼지불고기,며칠
15.0,간장양념돼지불고기,묵은지
15.0,추억의도시락비엔나,설명
15.0,추억의도시락비엔나,며칠
15.0,추억의도시락비엔나,묵은지
15.0,치즈다운치즈,설명
15.0,치즈다운치즈,며칠
15.0,치즈다운치즈,묵은지
15.0,간장양념돼지불고기,설명
15.0,간장양념돼지불고기,며칠
15.0,간장양념돼지불고기,묵은지
15.0,초코파이하우스,설명
15.0,초코파이하우스,며칠
15.0,초코파이하우스,묵은지
15.0,추억의도시락비엔나,설명
15.0,추억의도시락비엔나,며칠
15.0,추억의도시락비엔나,묵은지
15.0,보리먹인캐나다,설명
15.0,보리먹인캐나다,며칠
15.0,보리먹인캐나다,묵은지
15.0,두툼한샌드위치햄,설명
15.0,두툼한샌드위치햄,며칠
15.0,두툼한샌드위치햄,묵은지
15.0,99치킨콤보,설명
15.0,99치킨콤보,며칠
15.0,99치킨콤보,묵은지
15.0,ID_noljji2,설명
15.0,ID_noljji2,며칠
15.0,ID_noljji2,묵은지
36.0,미장센헤어세럼,맹숭맹숭
36.0,미장센헤어세럼,충성
36.0,미장센헤어세럼,냉정
36.0,미장센헤어세럼,맹숭맹숭
36.0,미장센헤어세럼,충성
36.0,미장센헤어세럼,냉정
36.0,미쟝센헤어세럼,맹숭맹숭
36.0,미쟝센헤어세럼,충성
36.0,미쟝센헤어세럼,냉정
36.0,헤어세럼추천,맹숭맹숭
36.0,헤어세럼추천,충성
36.0,헤어세럼추천,냉정
36.0,미장센헤어세럼슈퍼리치,맹숭맹숭
36.0,미장센헤어세럼슈퍼리치,충성
36.0,미장센헤어세럼슈퍼리치,냉정
36.0,미장센슈퍼리치,맹숭맹숭
36.0,미장센슈퍼리치,충성
36.0,미장센슈퍼리치,냉정
36.0,ID_sin0206,맹숭맹숭
36.0,ID_sin0206,충성
36.0,ID_sin0206,냉정
16.0,케이트스페이드,컨텐츠
16.0,케이트스페이드,런칭
16.0,케이트스페이드,애정
16.0,케이트스페이드향수,컨텐츠
16.0,케이트스페이드향수,런칭
16.0,케이트스페이드향수,애정
16.0,여성향수,컨텐츠
16.0,여성향수,런칭
16.0,여성향수,애정
16.0,여성향수브랜드,컨텐츠
16.0,여성향수브랜드,런칭
16.0,여성향수브랜드,애정
16.0,케이트스페이드바디로션,컨텐츠
16.0,케이트스페이드바디로션,런칭
16.0,케이트스페이드바디로션,애정
16.0,케이트스페이드,컨텐츠
16.0,케이트스페이드,런칭
16.0,케이트스페이드,애정
16.0,케이트스페이드향수,컨텐츠
16.0,케이트스페이드향수,런칭
16.0,케이트스페이드향수,애정
16.0,여성향수,컨텐츠
16.0,여성향수,런칭
16.0,여성향수,애정
16.0,여성향수브랜드,컨텐츠
16.0,여성향수브랜드,런칭
16.0,여성향수브랜드,애정
16.0,케이트스페이드바디로션,컨텐츠
16.0,케이트스페이드바디로션,런칭
16.0,케이트스페이드바디로션,애정
39.0,협찬,skin
39.0,협찬,명칭
39.0,협찬,정성
39.0,케이트스페이드,skin
39.0,케이트스페이드,명칭
39.0,케이트스페이드,정성
39.0,케이트스페이드향수,skin
39.0,케이트스페이드향수,명칭
39.0,케이트스페이드향수,정성
39.0,케이트스페이드오드퍼퓸,skin
39.0,케이트스페이드오드퍼퓸,명칭
39.0,케이트스페이드오드퍼퓸,정성
39.0,케이트스페이드EDP,skin
39.0,케이트스페이드EDP,명칭
39.0,케이트스페이드EDP,정성
39.0,향수추천,skin
39.0,향수추천,명칭
39.0,향수추천,정성
39.0,여자향수추천,skin
39.0,여자향수추천,명칭
39.0,여자향수추천,정성
39.0,여자향수,skin
39.0,여자향수,명칭
39.0,여자향수,정성
39.0,MyKateSpadeFragrance,skin
39.0,MyKateSpadeFragrance,명칭
39.0,MyKateSpadeFragrance,정성
39.0,LoveinSpades,skin
39.0,LoveinSpades,명칭
39.0,LoveinSpades,정성
39.0,ad,skin
39.0,ad,명칭
39.0,ad,정성
47.0,empties,empties
47.0,empties,리밸런싱
47.0,empties,슬렁슬렁
47.0,월간공병,empties
47.0,월간공병,리밸런싱
47.0,월간공병,슬렁슬렁
47.0,화장품공병,empties
47.0,화장품공병,리밸런싱
47.0,화장품공병,슬렁슬렁
47.0,공병리뷰,empties
47.0,공병리뷰,리밸런싱
47.0,공병리뷰,슬렁슬렁
47.0,찐사용템,empties
47.0,찐사용템,리밸런싱
47.0,찐사용템,슬렁슬렁
47.0,내돈내산,empties
47.0,내돈내산,리밸런싱
47.0,내돈내산,슬렁슬렁
28.0,쿠팡,동영상
28.0,쿠팡,매일경제
28.0,쿠팡,경쟁
28.0,뷰티브랜드,동영상
28.0,뷰티브랜드,매일경제
28.0,뷰티브랜드,경쟁
28.0,정품브랜드,동영상
28.0,정품브랜드,매일경제
28.0,정품브랜드,경쟁
28.0,와인파티,동영상
28.0,와인파티,매일경제
28.0,와인파티,경쟁
28.0,아우라쇼핑몰,동영상
28.0,아우라쇼핑몰,매일경제
28.0,아우라쇼핑몰,경쟁
28.0,쿠팡,동영상
28.0,쿠팡,매일경제
28.0,쿠팡,경쟁
28.0,로켓럭셔리,동영상
28.0,로켓럭셔리,매일경제
28.0,로켓럭셔리,경쟁
28.0,온라인뷰티,동영상
28.0,온라인뷰티,매일경제
28.0,온라인뷰티,경쟁
28.0,뷰티브랜드,동영상
28.0,뷰티브랜드,매일경제
28.0,뷰티브랜드,경쟁
28.0,정품브랜드,동영상
28.0,정품브랜드,매일경제
28.0,정품브랜드,경쟁
28.0,온라인명품,동영상
28.0,온라인명품,매일경제
28.0,온라인명품,경쟁
28.0,명품쇼핑몰,동영상
28.0,명품쇼핑몰,매일경제
28.0,명품쇼핑몰,경쟁
28.0,아우라,동영상
28.0,아우라,매일경제
28.0,아우라,경쟁
28.0,아우라데이,동영상
28.0,아우라데이,매일경제
28.0,아우라데이,경쟁
28.0,와인파티,동영상
28.0,와인파티,매일경제
28.0,와인파티,경쟁
28.0,아우라쇼핑몰,동영상
28.0,아우라쇼핑몰,매일경제
28.0,아우라쇼핑몰,경쟁
1.0,면접왕이형,긍정
1.0,면접왕이형,유통업
1.0,면접왕이형,경쟁
1.0,쿠팡,긍정
1.0,쿠팡,유통업
1.0,쿠팡,경쟁
1.0,로켓럭셔리,긍정
1.0,로켓럭셔리,유통업
1.0,로켓럭셔리,경쟁
1.0,온라인뷰티시장,긍정
1.0,온라인뷰티시장,유통업
1.0,온라인뷰티시장,경쟁
1.0,이커머스트렌드,긍정
1.0,이커머스트렌드,유통업
1.0,이커머스트렌드,경쟁
1.0,이커머스전략,긍정
1.0,이커머스전략,유통업
1.0,이커머스전략,경쟁
1.0,럭셔리카테고리,긍정
1.0,럭셔리카테고리,유통업
1.0,럭셔리카테고리,경쟁
1.0,뷰티플랫폼,긍정
1.0,뷰티플랫폼,유통업
1.0,뷰티플랫폼,경쟁
1.0,엔데믹,긍정
1.0,엔데믹,유통업
1.0,엔데믹,경쟁
1.0,화장품,긍정
1.0,화장품,유통업
1.0,화장품,경쟁
22.0,쿠팡,매일경제
22.0,쿠팡,경쟁
22.0,쿠팡,생필품
22.0,로켓배송,매일경제
22.0,로켓배송,경쟁
22.0,로켓배송,생필품
22.0,화장품,매일경제
22.0,화장품,경쟁
22.0,화장품,생필품
22.0,카카오톡선물하기,매일경제
22.0,카카오톡선물하기,경쟁
22.0,카카오톡선물하기,생필품
22.0,쿠팡선물하기,매일경제
22.0,쿠팡선물하기,경쟁
22.0,쿠팡선물하기,생필품
22.0,로켓럭셔리,매일경제
22.0,로켓럭셔리,경쟁
22.0,로켓럭셔리,생필품
22.0,화장품쇼핑,매일경제
22.0,화장품쇼핑,경쟁
22.0,화장품쇼핑,생필품
22.0,명품화장품,매일경제
22.0,명품화장품,경쟁
22.0,명품화장품,생필품
22.0,명품뷰티,매일경제
22.0,명품뷰티,경쟁
22.0,명품뷰티,생필품
